States/UTs,Season,Crop,Year,"Area
(In '000 Hectare)","Production
(In '000 Tonne)","Yield
(In Kg./Hectare)"
Andhra Pradesh,,Total Rabi Pulses,1970-1971,576.00,206.00,358
Assam,,Total Rabi Pulses,1970-1971,81.00,29.00,363
Bihar,,Total Rabi Pulses,1970-1971,1217.00,724.00,595
Delhi,,Total Rabi Pulses,1970-1971,13.00,7.00,538
Gujarat,,Total Rabi Pulses,1970-1971,102.00,64.00,627
Haryana,,Total Rabi Pulses,1970-1971,1086.00,790.00,727
Himachal Pradesh,,Total Rabi Pulses,1970-1971,30.00,18.00,591
Jammu & Kashmir,,Total Rabi Pulses,1970-1971,5.00,3.00,600
Karnataka,,Total Rabi Pulses,1970-1971,237.00,76.00,319
Kerala,,Total Rabi Pulses,1970-1971,20.00,8.00,399
Madhya Pradesh,,Total Rabi Pulses,1970-1971,2858.00,1341.00,469
Maharashtra,,Total Rabi Pulses,1970-1971,599.00,151.00,253
Meghalaya,,Total Rabi Pulses,1970-1971,1.00,1.00,1000
Odisha,,Total Rabi Pulses,1970-1971,673.00,363.00,539
Punjab,,Total Rabi Pulses,1970-1971,375.00,291.00,776
Rajasthan,,Total Rabi Pulses,1970-1971,1633.00,1210.00,741
Tamil Nadu,,Total Rabi Pulses,1970-1971,4.00,2.00,500
Tripura,,Total Rabi Pulses,1970-1971,2.00,1.00,500
Uttar Pradesh,,Total Rabi Pulses,1970-1971,2969.00,2333.00,786
West Bengal,,Total Rabi Pulses,1970-1971,589.00,322.00,548
India,,Total Rabi Pulses,1970-1971,13070.00,7939.00,607
Andhra Pradesh,,Total Rabi Pulses,1971-1972,557.00,187.00,337
Assam,,Total Rabi Pulses,1971-1972,82.00,28.00,340
Bihar,,Total Rabi Pulses,1971-1972,1201.00,754.00,628
Delhi,,Total Rabi Pulses,1971-1972,12.00,8.00,667
Gujarat,,Total Rabi Pulses,1971-1972,104.00,59.00,573
Haryana,,Total Rabi Pulses,1971-1972,1170.00,666.00,570
Himachal Pradesh,,Total Rabi Pulses,1971-1972,26.00,14.00,551
Jammu & Kashmir,,Total Rabi Pulses,1971-1972,6.00,3.00,500
Karnataka,,Total Rabi Pulses,1971-1972,298.00,85.00,286
Kerala,,Total Rabi Pulses,1971-1972,20.00,8.00,389
Madhya Pradesh,,Total Rabi Pulses,1971-1972,2590.00,1678.00,569
Maharashtra,,Total Rabi Pulses,1971-1972,670.00,189.00,282
Meghalaya,,Total Rabi Pulses,1971-1972,1.00,1.00,1000
Mizoram,,Total Rabi Pulses,1971-1972,1.00,-,-
Odisha,,Total Rabi Pulses,1971-1972,680.00,304.00,447
Punjab,,Total Rabi Pulses,1971-1972,354.00,289.00,818
Rajasthan,,Total Rabi Pulses,1971-1972,1663.00,903.00,543
Tamil Nadu,,Total Rabi Pulses,1971-1972,4.00,2.00,500
Tripura,,Total Rabi Pulses,1971-1972,2.00,1.00,500
Uttar Pradesh,,Total Rabi Pulses,1971-1972,2891.00,2286.00,791
West Bengal,,Total Rabi Pulses,1971-1972,543.00,289.00,532
India,,Total Rabi Pulses,1971-1972,13235.00,7757.00,586
Andhra Pradesh,,Total Rabi Pulses,1972-1973,576.00,188.00,326
Assam,,Total Rabi Pulses,1972-1973,93.00,45.00,478
Bihar,,Total Rabi Pulses,1972-1973,1087.00,444.00,408
Delhi,,Total Rabi Pulses,1972-1973,8.00,4.00,500
Gujarat,,Total Rabi Pulses,1972-1973,75.00,42.00,556
Haryana,,Total Rabi Pulses,1972-1973,1033.00,574.00,556
Himachal Pradesh,,Total Rabi Pulses,1972-1973,29.00,15.00,509
Jammu & Kashmir,,Total Rabi Pulses,1972-1973,7.00,5.00,714
Karnataka,,Total Rabi Pulses,1972-1973,258.00,36.00,142
Kerala,,Total Rabi Pulses,1972-1973,20.00,8.00,414
Madhya Pradesh,,Total Rabi Pulses,1972-1973,2895.00,1557.00,538
Maharashtra,,Total Rabi Pulses,1972-1973,414.00,75.00,182
Meghalaya,,Total Rabi Pulses,1972-1973,2.00,1.00,500
Nagaland,,Total Rabi Pulses,1972-1973,1.00,1.00,1000
Odisha,,Total Rabi Pulses,1972-1973,777.00,406.00,523
Punjab,,Total Rabi Pulses,1972-1973,340.00,275.00,809
Rajasthan,,Total Rabi Pulses,1972-1973,1225.00,823.00,672
Tamil Nadu,,Total Rabi Pulses,1972-1973,8.00,5.00,625
Tripura,,Total Rabi Pulses,1972-1973,2.00,1.00,500
Uttar Pradesh,,Total Rabi Pulses,1972-1973,2773.00,1990.00,718
West Bengal,,Total Rabi Pulses,1972-1973,480.00,235.00,490
India,,Total Rabi Pulses,1972-1973,12103.00,6730.00,556
Andhra Pradesh,,Total Rabi Pulses,1973-1974,599.00,202.00,337
Assam,,Total Rabi Pulses,1973-1974,90.00,41.00,456
Bihar,,Total Rabi Pulses,1973-1974,1167.00,500.00,428
Delhi,,Total Rabi Pulses,1973-1974,10.00,5.00,500
Gujarat,,Total Rabi Pulses,1973-1974,104.00,74.00,712
Haryana,,Total Rabi Pulses,1973-1974,1041.00,467.00,449
Himachal Pradesh,,Total Rabi Pulses,1973-1974,33.00,27.00,818
Jammu & Kashmir,,Total Rabi Pulses,1973-1974,8.00,7.00,875
Karnataka,,Total Rabi Pulses,1973-1974,326.00,97.00,298
Kerala,,Total Rabi Pulses,1973-1974,20.00,8.00,400
Madhya Pradesh,,Total Rabi Pulses,1973-1974,3263.00,1536.00,471
Maharashtra,,Total Rabi Pulses,1973-1974,622.00,204.00,328
Manipur,,Total Rabi Pulses,1973-1974,8.00,3.00,375
Meghalaya,,Total Rabi Pulses,1973-1974,1.00,1.00,1000
Nagaland,,Total Rabi Pulses,1973-1974,2.00,1.00,500
Odisha,,Total Rabi Pulses,1973-1974,791.00,394.00,498
Punjab,,Total Rabi Pulses,1973-1974,374.00,324.00,866
Rajasthan,,Total Rabi Pulses,1973-1974,1534.00,731.00,477
Tamil Nadu,,Total Rabi Pulses,1973-1974,11.00,7.00,636
Tripura,,Total Rabi Pulses,1973-1974,2.00,1.00,500
Uttar Pradesh,,Total Rabi Pulses,1973-1974,2764.00,1472.00,533
West Bengal,,Total Rabi Pulses,1973-1974,564.00,285.00,505
India,,Total Rabi Pulses,1973-1974,13335.00,6389.00,479
Andaman & Nicobar Islands,,Total Rabi Pulses,1974-1975,1.00,-,-
Andhra Pradesh,,Total Rabi Pulses,1974-1975,597.00,224.00,376
Assam,,Total Rabi Pulses,1974-1975,92.00,36.00,393
Bihar,,Total Rabi Pulses,1974-1975,1176.00,683.00,581
Dadra & Nagar Haveli  ,,Total Rabi Pulses,1974-1975,1.00,-,-
Delhi,,Total Rabi Pulses,1974-1975,4.00,2.00,500
Gujarat,,Total Rabi Pulses,1974-1975,73.00,31.00,426
Haryana,,Total Rabi Pulses,1974-1975,744.00,359.00,482
Himachal Pradesh,,Total Rabi Pulses,1974-1975,31.00,21.00,677
Jammu & Kashmir,,Total Rabi Pulses,1974-1975,6.00,5.00,833
Karnataka,,Total Rabi Pulses,1974-1975,319.00,88.00,277
Kerala,,Total Rabi Pulses,1974-1975,20.00,8.00,421
Madhya Pradesh,,Total Rabi Pulses,1974-1975,2869.00,1551.00,540
Maharashtra,,Total Rabi Pulses,1974-1975,643.00,214.00,333
Manipur,,Total Rabi Pulses,1974-1975,7.00,3.00,429
Meghalaya,,Total Rabi Pulses,1974-1975,1.00,1.00,1000
Mizoram,,Total Rabi Pulses,1974-1975,-,2.00,-
Nagaland,,Total Rabi Pulses,1974-1975,2.00,1.00,500
Odisha,,Total Rabi Pulses,1974-1975,842.00,357.00,424
Puducherry,,Total Rabi Pulses,1974-1975,4.00,-,-
Punjab,,Total Rabi Pulses,1974-1975,290.00,227.00,783
Rajasthan,,Total Rabi Pulses,1974-1975,1452.00,817.00,563
Tamil Nadu,,Total Rabi Pulses,1974-1975,13.00,5.00,385
Tripura,,Total Rabi Pulses,1974-1975,2.00,1.00,500
Uttar Pradesh,,Total Rabi Pulses,1974-1975,2436.00,1500.00,616
West Bengal,,Total Rabi Pulses,1974-1975,584.00,311.00,532
India,,Total Rabi Pulses,1974-1975,12209.00,6449.00,528
Andaman & Nicobar Islands,,Total Rabi Pulses,1975-1976,1.00,1.00,1000
Andhra Pradesh,,Total Rabi Pulses,1975-1976,599.00,227.00,379
Assam,,Total Rabi Pulses,1975-1976,85.00,32.00,373
Bihar,,Total Rabi Pulses,1975-1976,1152.00,651.00,565
Dadra & Nagar Haveli  ,,Total Rabi Pulses,1975-1976,1.00,-,-
Delhi,,Total Rabi Pulses,1975-1976,7.00,6.00,-
Gujarat,,Total Rabi Pulses,1975-1976,105.00,66.00,630
Haryana,,Total Rabi Pulses,1975-1976,1148.00,926.00,807
Himachal Pradesh,,Total Rabi Pulses,1975-1976,34.00,18.00,533
Jammu & Kashmir,,Total Rabi Pulses,1975-1976,7.00,4.00,571
Karnataka,,Total Rabi Pulses,1975-1976,332.00,109.00,329
Kerala,,Total Rabi Pulses,1975-1976,22.00,9.00,409
Madhya Pradesh,,Total Rabi Pulses,1975-1976,3235.00,1780.00,490
Maharashtra,,Total Rabi Pulses,1975-1976,689.00,252.00,365
Manipur,,Total Rabi Pulses,1975-1976,6.00,2.00,333
Meghalaya,,Total Rabi Pulses,1975-1976,1.00,1.00,1000
Nagaland,,Total Rabi Pulses,1975-1976,2.00,1.00,500
Odisha,,Total Rabi Pulses,1975-1976,930.00,433.00,465
Puducherry,,Total Rabi Pulses,1975-1976,5.00,-,-
Punjab,,Total Rabi Pulses,1975-1976,400.00,385.00,961
Rajasthan,,Total Rabi Pulses,1975-1976,1984.00,1514.00,763
Tamil Nadu,,Total Rabi Pulses,1975-1976,8.00,4.00,500
Tripura,,Total Rabi Pulses,1975-1976,2.00,1.00,500
Uttar Pradesh,,Total Rabi Pulses,1975-1976,2458.00,1832.00,745
West Bengal,,Total Rabi Pulses,1975-1976,639.00,348.00,545
India,,Total Rabi Pulses,1975-1976,13853.00,8603.00,621
Andaman & Nicobar Islands,,Total Rabi Pulses,1976-1977,1.60,0.60,375
Andhra Pradesh,,Total Rabi Pulses,1976-1977,503.60,163.10,324
Assam,,Total Rabi Pulses,1976-1977,88.30,33.50,379
Bihar,,Total Rabi Pulses,1976-1977,1087.40,551.60,507
Dadra & Nagar Haveli  ,,Total Rabi Pulses,1976-1977,0.60,0.30,500
Delhi,,Total Rabi Pulses,1976-1977,6.80,4.80,706
Gujarat,,Total Rabi Pulses,1976-1977,115.50,66.40,575
Haryana,,Total Rabi Pulses,1976-1977,1064.80,839.80,789
Himachal Pradesh,,Total Rabi Pulses,1976-1977,28.80,22.50,781
Jammu & Kashmir,,Total Rabi Pulses,1976-1977,6.80,4.40,647
Karnataka,,Total Rabi Pulses,1976-1977,304.80,69.00,226
Kerala,,Total Rabi Pulses,1976-1977,25.40,12.10,476
Madhya Pradesh,,Total Rabi Pulses,1976-1977,3164.80,1344.00,425
Maharashtra,,Total Rabi Pulses,1976-1977,661.50,196.20,297
Meghalaya,,Total Rabi Pulses,1976-1977,1.30,0.80,615
Mizoram,,Total Rabi Pulses,1976-1977,0.40,0.10,250
Nagaland,,Total Rabi Pulses,1976-1977,2.40,1.60,667
Odisha,,Total Rabi Pulses,1976-1977,779.60,338.80,435
Puducherry,,Total Rabi Pulses,1976-1977,4.20,2.20,524
Punjab,,Total Rabi Pulses,1976-1977,365.70,319.10,873
Rajasthan,,Total Rabi Pulses,1976-1977,1807.50,1381.30,764
Tamil Nadu,,Total Rabi Pulses,1976-1977,12.10,7.00,579
Tripura,,Total Rabi Pulses,1976-1977,3.00,1.50,500
Uttar Pradesh,,Total Rabi Pulses,1976-1977,2359.70,1831.00,776
West Bengal,,Total Rabi Pulses,1976-1977,517.50,275.20,532
India,,Total Rabi Pulses,1976-1977,12914.20,7466.90,578
Andaman & Nicobar Islands,,Total Rabi Pulses,1977-1978,1.60,0.60,375
Andhra Pradesh,,Total Rabi Pulses,1977-1978,480.10,146.00,304
Assam,,Total Rabi Pulses,1977-1978,94.60,34.20,362
Bihar,,Total Rabi Pulses,1977-1978,1099.80,493.40,449
Dadra & Nagar Haveli  ,,Total Rabi Pulses,1977-1978,0.70,0.40,571
Delhi,,Total Rabi Pulses,1977-1978,5.30,3.60,679
Gujarat,,Total Rabi Pulses,1977-1978,101.70,53.90,530
Haryana,,Total Rabi Pulses,1977-1978,1188.80,983.70,827
Himachal Pradesh,,Total Rabi Pulses,1977-1978,37.70,25.10,666
Jammu & Kashmir,,Total Rabi Pulses,1977-1978,8.70,6.10,701
Karnataka,,Total Rabi Pulses,1977-1978,324.10,81.00,250
Kerala,,Total Rabi Pulses,1977-1978,25.40,11.90,469
Madhya Pradesh,,Total Rabi Pulses,1977-1978,3047.30,1356.60,445
Maharashtra,,Total Rabi Pulses,1977-1978,709.10,198.30,280
Meghalaya,,Total Rabi Pulses,1977-1978,1.40,0.90,643
Mizoram,,Total Rabi Pulses,1977-1978,0.40,0.10,250
Nagaland,,Total Rabi Pulses,1977-1978,4.60,2.30,500
Odisha,,Total Rabi Pulses,1977-1978,1161.70,575.60,495
Puducherry,,Total Rabi Pulses,1977-1978,5.60,3.20,571
Punjab,,Total Rabi Pulses,1977-1978,374.50,331.80,886
Rajasthan,,Total Rabi Pulses,1977-1978,1898.50,1511.00,796
Tamil Nadu,,Total Rabi Pulses,1977-1978,5.80,3.40,586
Tripura,,Total Rabi Pulses,1977-1978,3.10,0.90,290
Uttar Pradesh,,Total Rabi Pulses,1977-1978,2297.40,1608.50,700
West Bengal,,Total Rabi Pulses,1977-1978,510.00,293.20,575
India,,Total Rabi Pulses,1977-1978,13388.10,7725.80,577
Andaman & Nicobar Islands,,Total Rabi Pulses,1978-1979,0.80,0.30,375
Andhra Pradesh,,Total Rabi Pulses,1978-1979,566.10,215.10,380
Assam,,Total Rabi Pulses,1978-1979,98.10,37.90,386
Bihar,,Total Rabi Pulses,1978-1979,1097.40,534.00,487
Dadra & Nagar Haveli  ,,Total Rabi Pulses,1978-1979,0.60,0.30,500
Delhi,,Total Rabi Pulses,1978-1979,6.70,4.00,597
Gujarat,,Total Rabi Pulses,1978-1979,94.30,71.40,757
Haryana,,Total Rabi Pulses,1978-1979,1110.00,1065.50,960
Himachal Pradesh,,Total Rabi Pulses,1978-1979,50.70,32.10,633
Jammu & Kashmir,,Total Rabi Pulses,1978-1979,8.20,4.80,585
Karnataka,,Total Rabi Pulses,1978-1979,342.90,94.20,275
Kerala,,Total Rabi Pulses,1978-1979,24.40,11.60,475
Madhya Pradesh,,Total Rabi Pulses,1978-1979,3039.10,1467.80,483
Maharashtra,,Total Rabi Pulses,1978-1979,698.80,214.30,307
Meghalaya,,Total Rabi Pulses,1978-1979,1.40,1.40,1000
Mizoram,,Total Rabi Pulses,1978-1979,0.30,0.10,333
Nagaland,,Total Rabi Pulses,1978-1979,4.60,2.30,500
Odisha,,Total Rabi Pulses,1978-1979,1317.80,668.10,507
Puducherry,,Total Rabi Pulses,1978-1979,5.90,3.20,542
Punjab,,Total Rabi Pulses,1978-1979,375.50,295.50,787
Rajasthan,,Total Rabi Pulses,1978-1979,1795.00,1618.30,902
Tamil Nadu,,Total Rabi Pulses,1978-1979,9.50,5.60,589
Tripura,,Total Rabi Pulses,1978-1979,2.30,0.90,391
Uttar Pradesh,,Total Rabi Pulses,1978-1979,2319.40,1642.50,708
West Bengal,,Total Rabi Pulses,1978-1979,516.60,240.00,465
India,,Total Rabi Pulses,1978-1979,13486.60,8231.30,610
Andaman & Nicobar Islands,,Total Rabi Pulses,1979-1980,0.60,0.30,500
Andhra Pradesh,,Total Rabi Pulses,1979-1980,564.70,181.20,321
Assam,,Total Rabi Pulses,1979-1980,96.60,36.80,381
Bihar,,Total Rabi Pulses,1979-1980,920.10,465.22,506
Dadra & Nagar Haveli  ,,Total Rabi Pulses,1979-1980,0.30,0.20,667
Delhi,,Total Rabi Pulses,1979-1980,2.00,0.80,400
Gujarat,,Total Rabi Pulses,1979-1980,94.50,45.70,484
Haryana,,Total Rabi Pulses,1979-1980,580.20,331.00,570
Himachal Pradesh,,Total Rabi Pulses,1979-1980,31.30,14.50,463
Jammu & Kashmir,,Total Rabi Pulses,1979-1980,6.30,4.50,714
Karnataka,,Total Rabi Pulses,1979-1980,321.00,135.00,421
Kerala,,Total Rabi Pulses,1979-1980,23.50,11.00,468
Madhya Pradesh,,Total Rabi Pulses,1979-1980,3094.80,1103.50,357
Maharashtra,,Total Rabi Pulses,1979-1980,608.80,223.70,367
Meghalaya,,Total Rabi Pulses,1979-1980,1.40,1.00,714
Mizoram,,Total Rabi Pulses,1979-1980,0.30,0.10,333
Nagaland,,Total Rabi Pulses,1979-1980,1.00,0.50,500
Odisha,,Total Rabi Pulses,1979-1980,1380.80,475.80,345
Puducherry,,Total Rabi Pulses,1979-1980,6.10,3.40,557
Punjab,,Total Rabi Pulses,1979-1980,260.50,173.50,666
Rajasthan,,Total Rabi Pulses,1979-1980,1409.30,774.20,549
Tamil Nadu,,Total Rabi Pulses,1979-1980,6.80,4.00,588
Tripura,,Total Rabi Pulses,1979-1980,2.20,1.00,455
Uttar Pradesh,,Total Rabi Pulses,1979-1980,2176.50,980.80,451
West Bengal,,Total Rabi Pulses,1979-1980,498.70,253.90,509
India,,Total Rabi Pulses,1979-1980,12088.50,5221.72,432
Andaman & Nicobar Islands,,Total Rabi Pulses,1980-1981,0.80,0.40,500
Andhra Pradesh,,Total Rabi Pulses,1980-1981,533.30,202.60,380
Assam,,Total Rabi Pulses,1980-1981,106.50,42.30,397
Bihar,,Total Rabi Pulses,1980-1981,1024.20,633.60,619
Dadra & Nagar Haveli  ,,Total Rabi Pulses,1980-1981,0.60,0.30,500
Delhi,,Total Rabi Pulses,1980-1981,3.30,1.90,576
Gujarat,,Total Rabi Pulses,1980-1981,92.90,59.80,644
Haryana,,Total Rabi Pulses,1980-1981,776.80,483.30,622
Himachal Pradesh,,Total Rabi Pulses,1980-1981,23.60,7.70,326
Jammu & Kashmir,,Total Rabi Pulses,1980-1981,5.50,3.40,618
Karnataka,,Total Rabi Pulses,1980-1981,330.20,106.90,324
Kerala,,Total Rabi Pulses,1980-1981,21.00,14.10,671
Madhya Pradesh,,Total Rabi Pulses,1980-1981,2984.90,1445.30,484
Maharashtra,,Total Rabi Pulses,1980-1981,583.80,180.80,310
Meghalaya,,Total Rabi Pulses,1980-1981,1.50,1.00,667
Mizoram,,Total Rabi Pulses,1980-1981,0.30,0.10,333
Nagaland,,Total Rabi Pulses,1980-1981,1.00,0.50,500
Odisha,,Total Rabi Pulses,1980-1981,1408.10,730.90,519
Puducherry,,Total Rabi Pulses,1980-1981,6.30,3.10,492
Punjab,,Total Rabi Pulses,1980-1981,281.70,160.90,571
Rajasthan,,Total Rabi Pulses,1980-1981,1254.20,876.00,698
Tamil Nadu,,Total Rabi Pulses,1980-1981,11.10,6.60,595
Tripura,,Total Rabi Pulses,1980-1981,2.80,1.20,429
Uttar Pradesh,,Total Rabi Pulses,1980-1981,2118.10,1707.70,806
West Bengal,,Total Rabi Pulses,1980-1981,462.10,195.50,423
India,,Total Rabi Pulses,1980-1981,12034.80,6866.00,571
Andaman & Nicobar Islands,,Total Rabi Pulses,1981-1982,0.70,0.30,429
Andhra Pradesh,,Total Rabi Pulses,1981-1982,526.80,191.10,363
Assam,,Total Rabi Pulses,1981-1982,109.90,47.00,428
Bihar,,Total Rabi Pulses,1981-1982,933.30,567.60,608
Dadra & Nagar Haveli  ,,Total Rabi Pulses,1981-1982,0.60,0.30,500
Delhi,,Total Rabi Pulses,1981-1982,2.20,1.40,636
Gujarat,,Total Rabi Pulses,1981-1982,115.20,82.80,719
Haryana,,Total Rabi Pulses,1981-1982,1078.40,326.00,302
Himachal Pradesh,,Total Rabi Pulses,1981-1982,19.90,4.70,236
Jammu & Kashmir,,Total Rabi Pulses,1981-1982,5.80,3.30,569
Karnataka,,Total Rabi Pulses,1981-1982,330.90,131.80,398
Kerala,,Total Rabi Pulses,1981-1982,20.00,13.10,655
Madhya Pradesh,,Total Rabi Pulses,1981-1982,3288.10,1701.00,517
Maharashtra,,Total Rabi Pulses,1981-1982,690.10,225.30,326
Meghalaya,,Total Rabi Pulses,1981-1982,1.50,1.00,667
Mizoram,,Total Rabi Pulses,1981-1982,0.30,0.00,0
Nagaland,,Total Rabi Pulses,1981-1982,0.60,0.30,500
Odisha,,Total Rabi Pulses,1981-1982,1400.40,732.30,523
Puducherry,,Total Rabi Pulses,1981-1982,3.50,2.00,571
Punjab,,Total Rabi Pulses,1981-1982,265.90,125.10,470
Rajasthan,,Total Rabi Pulses,1981-1982,1967.40,1282.60,652
Sikkim,,Total Rabi Pulses,1981-1982,1.60,1.70,1063
Tamil Nadu,,Total Rabi Pulses,1981-1982,11.50,6.90,600
Tripura,,Total Rabi Pulses,1981-1982,3.10,0.90,290
Uttar Pradesh,,Total Rabi Pulses,1981-1982,2278.60,1555.50,683
West Bengal,,Total Rabi Pulses,1981-1982,343.30,171.80,500
India,,Total Rabi Pulses,1981-1982,13506.60,7221.40,535
Andaman & Nicobar Islands,,Total Rabi Pulses,1982-1983,0.50,0.30,600
Andhra Pradesh,,Total Rabi Pulses,1982-1983,545.80,249.30,457
Assam,,Total Rabi Pulses,1982-1983,118.30,47.00,397
Bihar,,Total Rabi Pulses,1982-1983,886.00,517.10,584
Dadra & Nagar Haveli  ,,Total Rabi Pulses,1982-1983,0.40,0.20,500
Delhi,,Total Rabi Pulses,1982-1983,1.50,1.00,667
Gujarat,,Total Rabi Pulses,1982-1983,182.70,140.30,768
Haryana,,Total Rabi Pulses,1982-1983,533.70,295.20,553
Himachal Pradesh,,Total Rabi Pulses,1982-1983,9.50,3.90,411
Jammu & Kashmir,,Total Rabi Pulses,1982-1983,4.20,2.60,619
Karnataka,,Total Rabi Pulses,1982-1983,312.20,111.70,358
Kerala,,Total Rabi Pulses,1982-1983,21.10,13.90,659
Madhya Pradesh,,Total Rabi Pulses,1982-1983,3591.10,2012.10,560
Maharashtra,,Total Rabi Pulses,1982-1983,618.60,182.10,294
Meghalaya,,Total Rabi Pulses,1982-1983,1.60,1.10,688
Mizoram,,Total Rabi Pulses,1982-1983,1.00,0.00,0
Nagaland,,Total Rabi Pulses,1982-1983,0.70,0.40,571
Odisha,,Total Rabi Pulses,1982-1983,1192.90,646.40,542
Puducherry,,Total Rabi Pulses,1982-1983,2.10,0.60,286
Punjab,,Total Rabi Pulses,1982-1983,143.70,71.50,498
Rajasthan,,Total Rabi Pulses,1982-1983,1789.80,1345.20,752
Sikkim,,Total Rabi Pulses,1982-1983,2.50,1.50,600
Tamil Nadu,,Total Rabi Pulses,1982-1983,8.40,4.70,560
Tripura,,Total Rabi Pulses,1982-1983,2.70,1.50,556
Uttar Pradesh,,Total Rabi Pulses,1982-1983,2286.70,1928.40,843
West Bengal,,Total Rabi Pulses,1982-1983,308.40,149.10,483
India,,Total Rabi Pulses,1982-1983,12681.10,7772.50,613
Andaman & Nicobar Islands,,Total Rabi Pulses,1983-1984,0.50,0.30,600
Andhra Pradesh,,Total Rabi Pulses,1983-1984,529.70,243.40,460
Assam,,Total Rabi Pulses,1983-1984,120.10,42.90,357
Bihar,,Total Rabi Pulses,1983-1984,891.20,622.80,699
Dadra & Nagar Haveli  ,,Total Rabi Pulses,1983-1984,0.40,0.30,750
Delhi,,Total Rabi Pulses,1983-1984,2.60,1.40,538
Gujarat,,Total Rabi Pulses,1983-1984,148.10,133.70,903
Haryana,,Total Rabi Pulses,1983-1984,673.70,328.50,488
Himachal Pradesh,,Total Rabi Pulses,1983-1984,9.50,1.70,179
Jammu & Kashmir,,Total Rabi Pulses,1983-1984,3.90,2.70,692
Karnataka,,Total Rabi Pulses,1983-1984,331.60,125.00,377
Kerala,,Total Rabi Pulses,1983-1984,22.60,14.70,650
Madhya Pradesh,,Total Rabi Pulses,1983-1984,3378.60,1850.00,548
Maharashtra,,Total Rabi Pulses,1983-1984,732.70,268.80,367
Meghalaya,,Total Rabi Pulses,1983-1984,1.60,1.10,688
Mizoram,,Total Rabi Pulses,1983-1984,0.90,0.00,0
Nagaland,,Total Rabi Pulses,1983-1984,0.70,1.00,1429
Odisha,,Total Rabi Pulses,1983-1984,1206.00,758.90,629
Puducherry,,Total Rabi Pulses,1983-1984,1.80,0.70,389
Punjab,,Total Rabi Pulses,1983-1984,108.50,65.70,606
Rajasthan,,Total Rabi Pulses,1983-1984,1841.60,1122.50,610
Sikkim,,Total Rabi Pulses,1983-1984,2.70,2.10,778
Tamil Nadu,,Total Rabi Pulses,1983-1984,13.60,8.90,654
Tripura,,Total Rabi Pulses,1983-1984,3.50,1.40,400
Uttar Pradesh,,Total Rabi Pulses,1983-1984,2069.50,1724.40,833
West Bengal,,Total Rabi Pulses,1983-1984,321.70,201.80,627
India,,Total Rabi Pulses,1983-1984,12533.30,7565.70,604
Andaman & Nicobar Islands,,Total Rabi Pulses,1984-1985,0.60,0.30,500
Andhra Pradesh,,Total Rabi Pulses,1984-1985,485.30,287.90,593
Assam,,Total Rabi Pulses,1984-1985,128.20,52.30,408
Bihar,,Total Rabi Pulses,1984-1985,906.30,604.80,667
Dadra & Nagar Haveli  ,,Total Rabi Pulses,1984-1985,0.50,0.40,800
Delhi,,Total Rabi Pulses,1984-1985,2.30,1.20,522
Gujarat,,Total Rabi Pulses,1984-1985,141.30,117.40,831
Haryana,,Total Rabi Pulses,1984-1985,645.10,332.20,515
Himachal Pradesh,,Total Rabi Pulses,1984-1985,6.80,0.80,118
Jammu & Kashmir,,Total Rabi Pulses,1984-1985,3.10,2.00,645
Karnataka,,Total Rabi Pulses,1984-1985,525.40,154.90,295
Kerala,,Total Rabi Pulses,1984-1985,21.20,14.90,703
Madhya Pradesh,,Total Rabi Pulses,1984-1985,3282.20,1657.20,505
Maharashtra,,Total Rabi Pulses,1984-1985,692.40,252.80,365
Meghalaya,,Total Rabi Pulses,1984-1985,1.80,1.40,778
Mizoram,,Total Rabi Pulses,1984-1985,0.90,0.00,0
Nagaland,,Total Rabi Pulses,1984-1985,3.90,3.10,795
Odisha,,Total Rabi Pulses,1984-1985,1207.80,643.70,533
Puducherry,,Total Rabi Pulses,1984-1985,3.20,2.40,750
Punjab,,Total Rabi Pulses,1984-1985,112.80,67.70,600
Rajasthan,,Total Rabi Pulses,1984-1985,1571.80,1007.20,641
Sikkim,,Total Rabi Pulses,1984-1985,3.10,3.40,1097
Tamil Nadu,,Total Rabi Pulses,1984-1985,6.70,4.30,642
Tripura,,Total Rabi Pulses,1984-1985,3.30,1.30,394
Uttar Pradesh,,Total Rabi Pulses,1984-1985,2125.90,1790.00,842
West Bengal,,Total Rabi Pulses,1984-1985,325.80,187.80,576
India,,Total Rabi Pulses,1984-1985,12331.50,7241.60,587
Andaman & Nicobar Islands,,Total Rabi Pulses,1985-1986,0.70,0.40,571
Andhra Pradesh,,Total Rabi Pulses,1985-1986,519.10,289.30,557
Assam,,Total Rabi Pulses,1985-1986,130.30,58.70,450
Bihar,,Total Rabi Pulses,1985-1986,942.20,690.20,733
Dadra & Nagar Haveli  ,,Total Rabi Pulses,1985-1986,0.80,0.60,750
Delhi,,Total Rabi Pulses,1985-1986,3.70,2.80,757
Gujarat,,Total Rabi Pulses,1985-1986,102.70,58.00,565
Haryana,,Total Rabi Pulses,1985-1986,795.10,642.50,808
Himachal Pradesh,,Total Rabi Pulses,1985-1986,11.10,5.60,505
Jammu & Kashmir,,Total Rabi Pulses,1985-1986,3.20,2.80,875
Karnataka,,Total Rabi Pulses,1985-1986,405.90,129.30,319
Kerala,,Total Rabi Pulses,1985-1986,28.20,20.30,720
Madhya Pradesh,,Total Rabi Pulses,1985-1986,3588.00,1946.80,543
Maharashtra,,Total Rabi Pulses,1985-1986,720.00,227.10,315
Meghalaya,,Total Rabi Pulses,1985-1986,1.90,1.60,842
Mizoram,,Total Rabi Pulses,1985-1986,1.10,0.00,0
Nagaland,,Total Rabi Pulses,1985-1986,8.80,5.20,591
Odisha,,Total Rabi Pulses,1985-1986,1258.50,703.90,559
Puducherry,,Total Rabi Pulses,1985-1986,3.30,1.70,515
Punjab,,Total Rabi Pulses,1985-1986,125.90,111.60,886
Rajasthan,,Total Rabi Pulses,1985-1986,1986.60,1667.70,839
Sikkim,,Total Rabi Pulses,1985-1986,3.60,4.50,1250
Tamil Nadu,,Total Rabi Pulses,1985-1986,9.10,6.10,670
Tripura,,Total Rabi Pulses,1985-1986,3.20,1.30,406
Uttar Pradesh,,Total Rabi Pulses,1985-1986,2385.30,2016.10,845
West Bengal,,Total Rabi Pulses,1985-1986,362.60,222.80,614
India,,Total Rabi Pulses,1985-1986,13525.90,8873.10,656
Andaman & Nicobar Islands,,Total Rabi Pulses,1986-1987,0.60,0.30,500
Andhra Pradesh,,Total Rabi Pulses,1986-1987,1072.60,720.00,671
Assam,,Total Rabi Pulses,1986-1987,134.50,53.30,396
Bihar,,Total Rabi Pulses,1986-1987,1728.10,1173.80,679
Dadra & Nagar Haveli  ,,Total Rabi Pulses,1986-1987,0.70,0.40,571
Delhi,,Total Rabi Pulses,1986-1987,1.70,1.20,706
Gujarat,,Total Rabi Pulses,1986-1987,55.90,31.90,571
Haryana,,Total Rabi Pulses,1986-1987,670.80,449.80,671
Himachal Pradesh,,Total Rabi Pulses,1986-1987,15.50,4.20,271
Jammu & Kashmir,,Total Rabi Pulses,1986-1987,6.20,8.10,1306
Karnataka,,Total Rabi Pulses,1986-1987,627.10,254.40,406
Kerala,,Total Rabi Pulses,1986-1987,41.00,28.60,698
Madhya Pradesh,,Total Rabi Pulses,1986-1987,4339.10,2180.80,503
Maharashtra,,Total Rabi Pulses,1986-1987,744.90,196.40,264
Meghalaya,,Total Rabi Pulses,1986-1987,2.30,1.90,826
Mizoram,,Total Rabi Pulses,1986-1987,0.40,0.50,1250
Nagaland,,Total Rabi Pulses,1986-1987,0.70,0.40,571
Odisha,,Total Rabi Pulses,1986-1987,2648.90,1385.70,523
Puducherry,,Total Rabi Pulses,1986-1987,6.20,4.00,645
Punjab,,Total Rabi Pulses,1986-1987,146.80,107.60,733
Rajasthan,,Total Rabi Pulses,1986-1987,1460.10,887.40,608
Sikkim,,Total Rabi Pulses,1986-1987,3.90,4.50,1154
Tamil Nadu,,Total Rabi Pulses,1986-1987,8.20,5.40,659
Tripura,,Total Rabi Pulses,1986-1987,4.80,2.00,417
Uttar Pradesh,,Total Rabi Pulses,1986-1987,3231.80,2541.00,786
West Bengal,,Total Rabi Pulses,1986-1987,583.60,310.30,532
India,,Total Rabi Pulses,1986-1987,17536.40,10353.90,590
Andaman & Nicobar Islands,,Total Rabi Pulses,1987-1988,0.60,0.30,500
Andhra Pradesh,,Total Rabi Pulses,1987-1988,1123.60,683.70,608
Assam,,Total Rabi Pulses,1987-1988,123.30,54.70,444
Bihar,,Total Rabi Pulses,1987-1988,1648.30,1097.00,666
Dadra & Nagar Haveli  ,,Total Rabi Pulses,1987-1988,0.50,0.30,600
Delhi,,Total Rabi Pulses,1987-1988,0.50,0.30,600
Gujarat,,Total Rabi Pulses,1987-1988,26.70,13.00,487
Haryana,,Total Rabi Pulses,1987-1988,238.80,88.20,369
Himachal Pradesh,,Total Rabi Pulses,1987-1988,12.70,1.80,142
Jammu & Kashmir,,Total Rabi Pulses,1987-1988,6.60,7.90,1197
Karnataka,,Total Rabi Pulses,1987-1988,738.10,283.90,385
Kerala,,Total Rabi Pulses,1987-1988,41.40,29.20,705
Madhya Pradesh,,Total Rabi Pulses,1987-1988,4103.90,2289.60,558
Maharashtra,,Total Rabi Pulses,1987-1988,820.10,302.60,369
Meghalaya,,Total Rabi Pulses,1987-1988,2.30,1.70,739
Mizoram,,Total Rabi Pulses,1987-1988,0.50,1.00,2000
Nagaland,,Total Rabi Pulses,1987-1988,0.80,0.50,625
Odisha,,Total Rabi Pulses,1987-1988,2817.30,1388.80,493
Puducherry,,Total Rabi Pulses,1987-1988,4.60,4.40,957
Punjab,,Total Rabi Pulses,1987-1988,92.40,50.00,541
Rajasthan,,Total Rabi Pulses,1987-1988,716.80,449.40,627
Sikkim,,Total Rabi Pulses,1987-1988,0.30,1.60,5333
Tamil Nadu,,Total Rabi Pulses,1987-1988,8.10,5.50,679
Tripura,,Total Rabi Pulses,1987-1988,6.10,2.90,475
Uttar Pradesh,,Total Rabi Pulses,1987-1988,3086.30,2331.80,756
West Bengal,,Total Rabi Pulses,1987-1988,513.10,329.30,642
India,,Total Rabi Pulses,1987-1988,16133.70,9419.40,584
Andaman & Nicobar Islands,,Total Rabi Pulses,1988-1989,3.00,1.80,600
Andhra Pradesh,,Total Rabi Pulses,1988-1989,1133.80,858.60,757
Assam,,Total Rabi Pulses,1988-1989,113.60,45.60,401
Bihar,,Total Rabi Pulses,1988-1989,1577.80,1087.90,690
Dadra & Nagar Haveli  ,,Total Rabi Pulses,1988-1989,2.30,1.70,739
Delhi,,Total Rabi Pulses,1988-1989,1.10,0.30,273
Gujarat,,Total Rabi Pulses,1988-1989,121.20,72.10,595
Haryana,,Total Rabi Pulses,1988-1989,686.40,630.60,919
Himachal Pradesh,,Total Rabi Pulses,1988-1989,10.50,4.30,410
Jammu & Kashmir,,Total Rabi Pulses,1988-1989,6.60,7.90,1197
Karnataka,,Total Rabi Pulses,1988-1989,509.10,136.00,267
Kerala,,Total Rabi Pulses,1988-1989,37.80,27.40,725
Madhya Pradesh,,Total Rabi Pulses,1988-1989,4202.70,2295.40,546
Maharashtra,,Total Rabi Pulses,1988-1989,943.30,542.90,576
Meghalaya,,Total Rabi Pulses,1988-1989,2.20,1.60,727
Mizoram,,Total Rabi Pulses,1988-1989,0.60,1.10,1833
Nagaland,,Total Rabi Pulses,1988-1989,0.90,0.80,889
Odisha,,Total Rabi Pulses,1988-1989,2552.20,1356.30,531
Puducherry,,Total Rabi Pulses,1988-1989,5.60,3.80,679
Punjab,,Total Rabi Pulses,1988-1989,100.90,93.90,931
Rajasthan,,Total Rabi Pulses,1988-1989,1318.90,1010.30,766
Sikkim,,Total Rabi Pulses,1988-1989,0.60,2.10,3500
Tamil Nadu,,Total Rabi Pulses,1988-1989,4.50,3.00,667
Tripura,,Total Rabi Pulses,1988-1989,6.40,3.40,531
Uttar Pradesh,,Total Rabi Pulses,1988-1989,3075.20,2675.80,870
West Bengal,,Total Rabi Pulses,1988-1989,430.90,312.20,725
India,,Total Rabi Pulses,1988-1989,16848.10,11176.80,663
Andaman & Nicobar Islands,,Total Rabi Pulses,1989-1990,2.50,0.90,360
Andhra Pradesh,,Total Rabi Pulses,1989-1990,1319.20,835.90,634
Assam,,Total Rabi Pulses,1989-1990,105.90,46.10,435
Bihar,,Total Rabi Pulses,1989-1990,1697.30,1151.80,679
Dadra & Nagar Haveli  ,,Total Rabi Pulses,1989-1990,0.80,0.70,875
Delhi,,Total Rabi Pulses,1989-1990,0.70,0.50,714
Gujarat,,Total Rabi Pulses,1989-1990,119.50,71.20,596
Haryana,,Total Rabi Pulses,1989-1990,563.60,392.20,696
Himachal Pradesh,,Total Rabi Pulses,1989-1990,10.80,3.50,324
Jammu & Kashmir,,Total Rabi Pulses,1989-1990,6.10,7.80,1279
Karnataka,,Total Rabi Pulses,1989-1990,584.80,180.30,308
Kerala,,Total Rabi Pulses,1989-1990,37.40,27.30,730
Madhya Pradesh,,Total Rabi Pulses,1989-1990,4166.60,2227.30,535
Maharashtra,,Total Rabi Pulses,1989-1990,886.60,446.20,503
Meghalaya,,Total Rabi Pulses,1989-1990,2.40,1.70,708
Mizoram,,Total Rabi Pulses,1989-1990,0.20,0.70,3500
Nagaland,,Total Rabi Pulses,1989-1990,3.50,4.00,1143
Odisha,,Total Rabi Pulses,1989-1990,2572.70,1272.60,495
Puducherry,,Total Rabi Pulses,1989-1990,10.00,7.20,720
Punjab,,Total Rabi Pulses,1989-1990,82.20,59.10,719
Rajasthan,,Total Rabi Pulses,1989-1990,1189.50,773.80,651
Sikkim,,Total Rabi Pulses,1989-1990,3.10,4.20,1355
Tamil Nadu,,Total Rabi Pulses,1989-1990,5.50,3.20,582
Tripura,,Total Rabi Pulses,1989-1990,7.70,4.20,545
Uttar Pradesh,,Total Rabi Pulses,1989-1990,3228.60,2524.60,782
West Bengal,,Total Rabi Pulses,1989-1990,439.50,274.70,625
India,,Total Rabi Pulses,1989-1990,17046.70,10321.70,605
Andaman & Nicobar Islands,,Total Rabi Pulses,1990-1991,1.70,0.80,471
Andhra Pradesh,,Total Rabi Pulses,1990-1991,1446.10,877.80,607
Arunachal Pradesh,,Total Rabi Pulses,1990-1991,2.90,2.30,793
Assam,,Total Rabi Pulses,1990-1991,106.20,43.60,411
Bihar,,Total Rabi Pulses,1990-1991,1661.70,1273.10,766
Dadra & Nagar Haveli  ,,Total Rabi Pulses,1990-1991,1.30,1.20,923
Daman & Diu  ,,Total Rabi Pulses,1990-1991,1.50,0.60,400
Delhi,,Total Rabi Pulses,1990-1991,0.50,0.40,800
Gujarat,,Total Rabi Pulses,1990-1991,178.00,119.60,672
Haryana,,Total Rabi Pulses,1990-1991,697.20,501.00,719
Himachal Pradesh,,Total Rabi Pulses,1990-1991,9.60,5.30,552
Jammu & Kashmir,,Total Rabi Pulses,1990-1991,7.90,8.20,1038
Karnataka,,Total Rabi Pulses,1990-1991,543.80,145.10,267
Kerala,,Total Rabi Pulses,1990-1991,38.20,27.80,728
Madhya Pradesh,,Total Rabi Pulses,1990-1991,4846.20,2902.20,599
Maharashtra,,Total Rabi Pulses,1990-1991,883.30,442.30,501
Meghalaya,,Total Rabi Pulses,1990-1991,2.40,1.70,708
Mizoram,,Total Rabi Pulses,1990-1991,0.30,0.70,2333
Nagaland,,Total Rabi Pulses,1990-1991,5.30,4.10,774
Odisha,,Total Rabi Pulses,1990-1991,2420.80,1262.40,521
Puducherry,,Total Rabi Pulses,1990-1991,9.70,4.90,505
Punjab,,Total Rabi Pulses,1990-1991,88.10,66.40,754
Rajasthan,,Total Rabi Pulses,1990-1991,1713.60,1092.20,637
Sikkim,,Total Rabi Pulses,1990-1991,3.20,4.50,1406
Tamil Nadu,,Total Rabi Pulses,1990-1991,9.90,6.50,657
Tripura,,Total Rabi Pulses,1990-1991,7.90,4.10,519
Uttar Pradesh,,Total Rabi Pulses,1990-1991,3363.70,3100.00,922
West Bengal,,Total Rabi Pulses,1990-1991,421.80,274.40,651
India,,Total Rabi Pulses,1990-1991,18472.80,12173.20,659
Andaman & Nicobar Islands,,Total Rabi Pulses,1991-1992,1.80,0.90,500
Andhra Pradesh,,Total Rabi Pulses,1991-1992,1491.90,839.40,563
Arunachal Pradesh,,Total Rabi Pulses,1991-1992,2.40,2.00,833
Assam,,Total Rabi Pulses,1991-1992,207.00,91.60,443
Bihar,,Total Rabi Pulses,1991-1992,1538.10,1185.60,771
Dadra & Nagar Haveli  ,,Total Rabi Pulses,1991-1992,2.20,2.10,955
Daman & Diu  ,,Total Rabi Pulses,1991-1992,1.40,0.70,500
Delhi,,Total Rabi Pulses,1991-1992,0.60,0.50,833
Goa,,Total Rabi Pulses,1991-1992,5.10,4.90,961
Gujarat,,Total Rabi Pulses,1991-1992,87.90,41.40,471
Haryana,,Total Rabi Pulses,1991-1992,340.00,225.00,662
Himachal Pradesh,,Total Rabi Pulses,1991-1992,9.00,4.60,511
Jammu & Kashmir,,Total Rabi Pulses,1991-1992,6.70,7.90,1179
Karnataka,,Total Rabi Pulses,1991-1992,584.60,223.80,383
Kerala,,Total Rabi Pulses,1991-1992,38.00,26.40,695
Madhya Pradesh,,Total Rabi Pulses,1991-1992,4417.30,2800.40,634
Maharashtra,,Total Rabi Pulses,1991-1992,568.20,237.50,418
Meghalaya,,Total Rabi Pulses,1991-1992,2.40,1.70,708
Mizoram,,Total Rabi Pulses,1991-1992,0.30,1.00,3333
Nagaland,,Total Rabi Pulses,1991-1992,8.40,9.40,1119
Odisha,,Total Rabi Pulses,1991-1992,2774.60,1414.80,510
Puducherry,,Total Rabi Pulses,1991-1992,9.70,6.10,629
Punjab,,Total Rabi Pulses,1991-1992,47.80,34.90,730
Rajasthan,,Total Rabi Pulses,1991-1992,1079.10,730.00,676
Sikkim,,Total Rabi Pulses,1991-1992,12.50,9.10,728
Tamil Nadu,,Total Rabi Pulses,1991-1992,4.60,2.70,587
Tripura,,Total Rabi Pulses,1991-1992,7.90,4.30,544
Uttar Pradesh,,Total Rabi Pulses,1991-1992,3135.80,2802.60,894
West Bengal,,Total Rabi Pulses,1991-1992,374.60,238.70,637
India,,Total Rabi Pulses,1991-1992,16759.90,10950.00,653
Andaman & Nicobar Islands,,Total Rabi Pulses,1992-1993,1.60,0.60,375
Andhra Pradesh,,Total Rabi Pulses,1992-1993,1497.90,860.80,575
Arunachal Pradesh,,Total Rabi Pulses,1992-1993,2.70,2.80,1037
Assam,,Total Rabi Pulses,1992-1993,192.80,87.40,453
Bihar,,Total Rabi Pulses,1992-1993,1346.90,1002.20,744
Dadra & Nagar Haveli  ,,Total Rabi Pulses,1992-1993,0.80,0.70,875
Daman & Diu  ,,Total Rabi Pulses,1992-1993,1.50,0.70,467
Delhi,,Total Rabi Pulses,1992-1993,0.60,0.50,833
Goa,,Total Rabi Pulses,1992-1993,5.50,4.20,764
Gujarat,,Total Rabi Pulses,1992-1993,138.90,80.60,580
Haryana,,Total Rabi Pulses,1992-1993,416.00,277.80,668
Himachal Pradesh,,Total Rabi Pulses,1992-1993,8.00,3.40,425
Jammu & Kashmir,,Total Rabi Pulses,1992-1993,5.50,7.20,1309
Karnataka,,Total Rabi Pulses,1992-1993,638.70,234.20,367
Kerala,,Total Rabi Pulses,1992-1993,35.60,33.40,938
Madhya Pradesh,,Total Rabi Pulses,1992-1993,4639.20,2801.50,604
Maharashtra,,Total Rabi Pulses,1992-1993,815.00,358.30,440
Meghalaya,,Total Rabi Pulses,1992-1993,2.40,1.70,708
Mizoram,,Total Rabi Pulses,1992-1993,0.50,1.20,2400
Nagaland,,Total Rabi Pulses,1992-1993,3.50,2.90,829
Odisha,,Total Rabi Pulses,1992-1993,344.70,132.60,385
Puducherry,,Total Rabi Pulses,1992-1993,12.10,5.70,471
Punjab,,Total Rabi Pulses,1992-1993,46.20,32.70,708
Rajasthan,,Total Rabi Pulses,1992-1993,1514.90,856.20,565
Sikkim,,Total Rabi Pulses,1992-1993,10.10,8.40,832
Tamil Nadu,,Total Rabi Pulses,1992-1993,6.60,4.20,636
Tripura,,Total Rabi Pulses,1992-1993,9.00,4.60,511
Uttar Pradesh,,Total Rabi Pulses,1992-1993,3179.90,2760.20,868
West Bengal,,Total Rabi Pulses,1992-1993,370.70,282.10,761
India,,Total Rabi Pulses,1992-1993,15247.80,9848.80,646
Andaman & Nicobar Islands,,Total Rabi Pulses,1993-1994,1.80,0.80,444
Andhra Pradesh,,Total Rabi Pulses,1993-1994,1417.40,643.00,454
Arunachal Pradesh,,Total Rabi Pulses,1993-1994,2.60,2.70,1038
Assam,,Total Rabi Pulses,1993-1994,189.20,96.90,512
Bihar,,Total Rabi Pulses,1993-1994,1351.80,1015.30,751
Dadra & Nagar Haveli  ,,Total Rabi Pulses,1993-1994,0.80,0.70,875
Daman & Diu  ,,Total Rabi Pulses,1993-1994,1.30,1.00,769
Delhi,,Total Rabi Pulses,1993-1994,0.50,0.60,1200
Goa,,Total Rabi Pulses,1993-1994,6.50,4.70,723
Gujarat,,Total Rabi Pulses,1993-1994,102.70,58.10,566
Haryana,,Total Rabi Pulses,1993-1994,431.40,421.80,978
Himachal Pradesh,,Total Rabi Pulses,1993-1994,8.70,2.10,241
Jammu & Kashmir,,Total Rabi Pulses,1993-1994,4.80,3.20,667
Karnataka,,Total Rabi Pulses,1993-1994,732.00,286.10,391
Kerala,,Total Rabi Pulses,1993-1994,38.20,31.80,832
Madhya Pradesh,,Total Rabi Pulses,1993-1994,4888.80,3224.20,660
Maharashtra,,Total Rabi Pulses,1993-1994,949.20,608.00,641
Meghalaya,,Total Rabi Pulses,1993-1994,2.40,1.80,750
Mizoram,,Total Rabi Pulses,1993-1994,0.80,1.80,2250
Nagaland,,Total Rabi Pulses,1993-1994,5.00,4.60,920
Odisha,,Total Rabi Pulses,1993-1994,413.70,151.50,366
Puducherry,,Total Rabi Pulses,1993-1994,9.80,5.30,541
Punjab,,Total Rabi Pulses,1993-1994,37.20,29.50,793
Rajasthan,,Total Rabi Pulses,1993-1994,1284.30,822.30,640
Sikkim,,Total Rabi Pulses,1993-1994,8.10,6.70,827
Tamil Nadu,,Total Rabi Pulses,1993-1994,278.10,128.10,461
Tripura,,Total Rabi Pulses,1993-1994,7.20,3.50,486
Uttar Pradesh,,Total Rabi Pulses,1993-1994,3151.50,2823.10,896
West Bengal,,Total Rabi Pulses,1993-1994,358.30,240.40,671
India,,Total Rabi Pulses,1993-1994,15684.10,10619.60,677
Andaman & Nicobar Islands,,Total Rabi Pulses,1994-1995,2.10,1.00,476
Andhra Pradesh,,Total Rabi Pulses,1994-1995,1475.30,670.70,455
Arunachal Pradesh,,Total Rabi Pulses,1994-1995,3.40,2.80,824
Assam,,Total Rabi Pulses,1994-1995,190.50,102.30,537
Bihar,,Total Rabi Pulses,1994-1995,1289.50,1098.70,852
Dadra & Nagar Haveli  ,,Total Rabi Pulses,1994-1995,2.80,2.50,893
Daman & Diu  ,,Total Rabi Pulses,1994-1995,1.30,1.00,769
Delhi,,Total Rabi Pulses,1994-1995,0.50,0.60,1200
Goa,,Total Rabi Pulses,1994-1995,7.60,4.40,579
Gujarat,,Total Rabi Pulses,1994-1995,161.30,125.60,779
Haryana,,Total Rabi Pulses,1994-1995,425.40,460.20,1082
Himachal Pradesh,,Total Rabi Pulses,1994-1995,8.30,4.60,554
Jammu & Kashmir,,Total Rabi Pulses,1994-1995,14.20,8.00,563
Karnataka,,Total Rabi Pulses,1994-1995,980.30,361.70,369
Kerala,,Total Rabi Pulses,1994-1995,34.20,31.60,924
Madhya Pradesh,,Total Rabi Pulses,1994-1995,5453.90,3773.60,692
Maharashtra,,Total Rabi Pulses,1994-1995,1030.50,576.40,559
Meghalaya,,Total Rabi Pulses,1994-1995,2.40,1.70,708
Mizoram,,Total Rabi Pulses,1994-1995,0.40,1.20,3000
Nagaland,,Total Rabi Pulses,1994-1995,4.50,3.70,822
Odisha,,Total Rabi Pulses,1994-1995,398.80,157.80,396
Puducherry,,Total Rabi Pulses,1994-1995,11.70,6.70,573
Punjab,,Total Rabi Pulses,1994-1995,42.30,38.90,920
Rajasthan,,Total Rabi Pulses,1994-1995,1647.40,1451.30,881
Sikkim,,Total Rabi Pulses,1994-1995,10.10,11.70,1158
Tamil Nadu,,Total Rabi Pulses,1994-1995,283.90,143.20,504
Tripura,,Total Rabi Pulses,1994-1995,6.50,3.40,523
Uttar Pradesh,,Total Rabi Pulses,1994-1995,3151.90,2819.40,895
West Bengal,,Total Rabi Pulses,1994-1995,251.50,161.60,643
India,,Total Rabi Pulses,1994-1995,16892.50,12026.30,712
Andaman & Nicobar Islands,,Total Rabi Pulses,1995-1996,2.00,1.00,500
Andhra Pradesh,,Total Rabi Pulses,1995-1996,1528.80,851.30,557
Arunachal Pradesh,,Total Rabi Pulses,1995-1996,3.10,2.90,935
Assam,,Total Rabi Pulses,1995-1996,188.50,98.10,520
Bihar,,Total Rabi Pulses,1995-1996,1225.50,742.80,606
Dadra & Nagar Haveli  ,,Total Rabi Pulses,1995-1996,0.80,0.60,750
Daman & Diu  ,,Total Rabi Pulses,1995-1996,1.30,1.00,769
Delhi,,Total Rabi Pulses,1995-1996,0.20,0.00,0
Goa,,Total Rabi Pulses,1995-1996,9.20,5.00,543
Gujarat,,Total Rabi Pulses,1995-1996,88.70,53.00,598
Haryana,,Total Rabi Pulses,1995-1996,402.80,400.00,993
Himachal Pradesh,,Total Rabi Pulses,1995-1996,7.40,3.60,486
Jammu & Kashmir,,Total Rabi Pulses,1995-1996,5.40,4.30,796
Karnataka,,Total Rabi Pulses,1995-1996,627.10,251.20,401
Kerala,,Total Rabi Pulses,1995-1996,35.80,26.40,737
Madhya Pradesh,,Total Rabi Pulses,1995-1996,5482.70,3124.70,570
Maharashtra,,Total Rabi Pulses,1995-1996,953.30,492.70,517
Meghalaya,,Total Rabi Pulses,1995-1996,2.40,1.80,750
Mizoram,,Total Rabi Pulses,1995-1996,0.50,1.20,2400
Nagaland,,Total Rabi Pulses,1995-1996,5.00,5.50,1100
Odisha,,Total Rabi Pulses,1995-1996,465.50,210.10,451
Puducherry,,Total Rabi Pulses,1995-1996,10.50,5.60,533
Punjab,,Total Rabi Pulses,1995-1996,48.30,41.20,853
Rajasthan,,Total Rabi Pulses,1995-1996,1688.90,1168.80,692
Sikkim,,Total Rabi Pulses,1995-1996,10.60,8.50,802
Tamil Nadu,,Total Rabi Pulses,1995-1996,497.10,189.70,382
Tripura,,Total Rabi Pulses,1995-1996,6.80,3.40,500
Uttar Pradesh,,Total Rabi Pulses,1995-1996,3171.90,2457.90,775
West Bengal,,Total Rabi Pulses,1995-1996,248.70,190.20,765
India,,Total Rabi Pulses,1995-1996,16718.80,10342.50,619
Andaman & Nicobar Islands,,Total Rabi Pulses,1996-1997,2.00,1.00,500
Andhra Pradesh,,Total Rabi Pulses,1996-1997,772.50,469.00,607
Assam,,Total Rabi Pulses,1996-1997,112.80,63.60,564
Bihar,,Total Rabi Pulses,1996-1997,689.70,574.20,833
Dadra & Nagar Haveli  ,,Total Rabi Pulses,1996-1997,0.60,0.60,1000
Daman & Diu  ,,Total Rabi Pulses,1996-1997,1.30,1.00,769
Delhi,,Total Rabi Pulses,1996-1997,0.10,0.00,0
Goa,,Total Rabi Pulses,1996-1997,8.90,7.50,843
Gujarat,,Total Rabi Pulses,1996-1997,137.80,96.10,697
Haryana,,Total Rabi Pulses,1996-1997,357.70,286.60,801
Himachal Pradesh,,Total Rabi Pulses,1996-1997,6.90,4.00,580
Jammu & Kashmir,,Total Rabi Pulses,1996-1997,3.20,2.60,813
Karnataka,,Total Rabi Pulses,1996-1997,536.40,261.70,488
Kerala,,Total Rabi Pulses,1996-1997,18.00,13.20,733
Madhya Pradesh,,Total Rabi Pulses,1996-1997,3891.50,2968.80,763
Maharashtra,,Total Rabi Pulses,1996-1997,882.10,572.90,649
Meghalaya,,Total Rabi Pulses,1996-1997,2.40,1.80,750
Mizoram,,Total Rabi Pulses,1996-1997,0.40,1.10,2750
Nagaland,,Total Rabi Pulses,1996-1997,1.00,1.00,1000
Odisha,,Total Rabi Pulses,1996-1997,204.50,78.00,381
Puducherry,,Total Rabi Pulses,1996-1997,6.00,3.10,517
Punjab,,Total Rabi Pulses,1996-1997,27.20,22.70,835
Rajasthan,,Total Rabi Pulses,1996-1997,1582.40,1145.60,724
Sikkim,,Total Rabi Pulses,1996-1997,6.30,5.50,873
Tamil Nadu,,Total Rabi Pulses,1996-1997,265.80,100.70,379
Tripura,,Total Rabi Pulses,1996-1997,4.10,2.20,537
Uttar Pradesh,,Total Rabi Pulses,1996-1997,2046.00,1942.60,949
West Bengal,,Total Rabi Pulses,1996-1997,152.20,123.30,810
India,,Total Rabi Pulses,1996-1997,11719.80,8750.40,747
Andaman & Nicobar Islands,,Total Rabi Pulses,1997-1998,2.40,1.70,708
Andhra Pradesh,,Total Rabi Pulses,1997-1998,809.00,435.90,539
Assam,,Total Rabi Pulses,1997-1998,111.30,59.80,537
Bihar,,Total Rabi Pulses,1997-1998,688.30,484.50,704
Dadra & Nagar Haveli  ,,Total Rabi Pulses,1997-1998,2.50,2.10,840
Daman & Diu  ,,Total Rabi Pulses,1997-1998,1.30,1.00,769
Delhi,,Total Rabi Pulses,1997-1998,0.40,0.10,250
Goa,,Total Rabi Pulses,1997-1998,9.30,7.60,817
Gujarat,,Total Rabi Pulses,1997-1998,126.20,100.60,797
Haryana,,Total Rabi Pulses,1997-1998,370.00,323.00,873
Himachal Pradesh,,Total Rabi Pulses,1997-1998,6.70,3.80,567
Jammu & Kashmir,,Total Rabi Pulses,1997-1998,3.20,2.50,781
Karnataka,,Total Rabi Pulses,1997-1998,556.20,169.10,304
Kerala,,Total Rabi Pulses,1997-1998,17.90,15.00,838
Madhya Pradesh,,Total Rabi Pulses,1997-1998,3874.90,2759.50,712
Maharashtra,,Total Rabi Pulses,1997-1998,845.80,343.90,407
Meghalaya,,Total Rabi Pulses,1997-1998,2.40,1.80,750
Mizoram,,Total Rabi Pulses,1997-1998,0.40,1.30,3250
Nagaland,,Total Rabi Pulses,1997-1998,0.40,0.30,750
Odisha,,Total Rabi Pulses,1997-1998,213.50,79.70,373
Puducherry,,Total Rabi Pulses,1997-1998,5.70,2.00,351
Punjab,,Total Rabi Pulses,1997-1998,21.80,17.50,803
Rajasthan,,Total Rabi Pulses,1997-1998,2273.10,1998.80,879
Sikkim,,Total Rabi Pulses,1997-1998,6.30,5.40,857
Tamil Nadu,,Total Rabi Pulses,1997-1998,290.20,127.80,440
Tripura,,Total Rabi Pulses,1997-1998,4.10,2.20,537
Uttar Pradesh,,Total Rabi Pulses,1997-1998,1967.60,1621.70,824
West Bengal,,Total Rabi Pulses,1997-1998,144.80,104.30,720
India,,Total Rabi Pulses,1997-1998,12355.70,8672.90,702
Andaman & Nicobar Islands,,Total Rabi Pulses,1998-1999,0.70,0.50,714
Andhra Pradesh,,Total Rabi Pulses,1998-1999,745.00,450.00,604
Assam,,Total Rabi Pulses,1998-1999,119.20,63.80,535
Bihar,,Total Rabi Pulses,1998-1999,674.10,596.60,885
Dadra & Nagar Haveli  ,,Total Rabi Pulses,1998-1999,0.50,0.30,600
Daman & Diu  ,,Total Rabi Pulses,1998-1999,1.30,1.00,769
Delhi,,Total Rabi Pulses,1998-1999,0.20,0.00,0
Goa,,Total Rabi Pulses,1998-1999,8.70,9.20,1057
Gujarat,,Total Rabi Pulses,1998-1999,146.80,126.90,864
Haryana,,Total Rabi Pulses,1998-1999,365.10,301.20,825
Himachal Pradesh,,Total Rabi Pulses,1998-1999,7.00,4.10,586
Jammu & Kashmir,,Total Rabi Pulses,1998-1999,3.00,2.20,733
Karnataka,,Total Rabi Pulses,1998-1999,545.70,280.20,513
Kerala,,Total Rabi Pulses,1998-1999,13.80,11.60,841
Madhya Pradesh,,Total Rabi Pulses,1998-1999,3850.50,3028.80,787
Maharashtra,,Total Rabi Pulses,1998-1999,1035.90,615.40,594
Meghalaya,,Total Rabi Pulses,1998-1999,2.40,1.80,750
Mizoram,,Total Rabi Pulses,1998-1999,1.40,3.20,2286
Nagaland,,Total Rabi Pulses,1998-1999,1.00,0.80,800
Odisha,,Total Rabi Pulses,1998-1999,191.70,75.50,394
Puducherry,,Total Rabi Pulses,1998-1999,6.00,3.10,517
Punjab,,Total Rabi Pulses,1998-1999,21.80,17.30,794
Rajasthan,,Total Rabi Pulses,1998-1999,2894.10,2170.60,750
Sikkim,,Total Rabi Pulses,1998-1999,6.30,5.20,825
Tamil Nadu,,Total Rabi Pulses,1998-1999,286.10,145.30,508
Tripura,,Total Rabi Pulses,1998-1999,3.40,1.80,529
Uttar Pradesh,,Total Rabi Pulses,1998-1999,2068.70,1743.40,843
West Bengal,,Total Rabi Pulses,1998-1999,139.80,98.60,705
India,,Total Rabi Pulses,1998-1999,13140.20,9758.40,743
Andaman & Nicobar Islands,,Total Rabi Pulses,1999-2000,0.90,0.30,333
Andhra Pradesh,,Total Rabi Pulses,1999-2000,777.90,413.00,531
Assam,,Total Rabi Pulses,1999-2000,109.00,59.00,541
Bihar,,Total Rabi Pulses,1999-2000,648.60,557.00,859
Dadra & Nagar Haveli  ,,Total Rabi Pulses,1999-2000,2.70,2.10,778
Daman & Diu  ,,Total Rabi Pulses,1999-2000,1.30,1.30,1000
Delhi,,Total Rabi Pulses,1999-2000,0.20,0.00,0
Goa,,Total Rabi Pulses,1999-2000,9.20,8.40,913
Gujarat,,Total Rabi Pulses,1999-2000,87.40,44.50,509
Haryana,,Total Rabi Pulses,1999-2000,108.60,63.70,587
Himachal Pradesh,,Total Rabi Pulses,1999-2000,7.00,5.00,714
Jammu & Kashmir,,Total Rabi Pulses,1999-2000,3.70,2.10,568
Karnataka,,Total Rabi Pulses,1999-2000,630.00,283.80,450
Kerala,,Total Rabi Pulses,1999-2000,11.40,9.50,833
Madhya Pradesh,,Total Rabi Pulses,1999-2000,3854.20,3272.90,849
Maharashtra,,Total Rabi Pulses,1999-2000,1077.50,668.80,621
Meghalaya,,Total Rabi Pulses,1999-2000,4.00,3.00,750
Mizoram,,Total Rabi Pulses,1999-2000,0.70,2.70,3857
Nagaland,,Total Rabi Pulses,1999-2000,1.00,1.20,1200
Odisha,,Total Rabi Pulses,1999-2000,194.00,90.00,464
Puducherry,,Total Rabi Pulses,1999-2000,5.80,3.90,672
Punjab,,Total Rabi Pulses,1999-2000,14.00,12.90,921
Rajasthan,,Total Rabi Pulses,1999-2000,1029.40,757.50,736
Sikkim,,Total Rabi Pulses,1999-2000,6.30,5.70,905
Tamil Nadu,,Total Rabi Pulses,1999-2000,545.80,219.20,402
Tripura,,Total Rabi Pulses,1999-2000,3.70,2.10,568
Uttar Pradesh,,Total Rabi Pulses,1999-2000,1972.20,1933.80,981
West Bengal,,Total Rabi Pulses,1999-2000,210.60,173.00,821
India,,Total Rabi Pulses,1999-2000,11317.10,8596.40,760
Andaman & Nicobar Islands,,Total Rabi Pulses,2000-2001,0.70,0.40,571
Andhra Pradesh,,Total Rabi Pulses,2000-2001,864.20,653.20,756
Assam,,Total Rabi Pulses,2000-2001,104.20,57.10,548
Bihar,,Total Rabi Pulses,2000-2001,613.10,521.90,851
Chhattisgarh,,Total Rabi Pulses,2000-2001,426.30,190.90,448
Dadra & Nagar Haveli  ,,Total Rabi Pulses,2000-2001,2.80,2.30,821
Daman & Diu  ,,Total Rabi Pulses,2000-2001,1.30,1.30,1000
Delhi,,Total Rabi Pulses,2000-2001,0.40,0.30,750
Goa,,Total Rabi Pulses,2000-2001,10.10,9.30,921
Gujarat,,Total Rabi Pulses,2000-2001,20.00,11.00,550
Haryana,,Total Rabi Pulses,2000-2001,133.40,85.70,642
Himachal Pradesh,,Total Rabi Pulses,2000-2001,6.20,7.10,1145
Jammu & Kashmir,,Total Rabi Pulses,2000-2001,2.60,1.60,615
Karnataka,,Total Rabi Pulses,2000-2001,563.60,316.20,561
Kerala,,Total Rabi Pulses,2000-2001,6.10,4.90,803
Madhya Pradesh,,Total Rabi Pulses,2000-2001,2697.20,1931.10,716
Maharashtra,,Total Rabi Pulses,2000-2001,778.00,389.00,500
Meghalaya,,Total Rabi Pulses,2000-2001,2.50,1.90,760
Mizoram,,Total Rabi Pulses,2000-2001,0.50,0.90,1800
Nagaland,,Total Rabi Pulses,2000-2001,1.00,0.80,800
Odisha,,Total Rabi Pulses,2000-2001,147.10,67.00,455
Puducherry,,Total Rabi Pulses,2000-2001,6.00,3.60,600
Punjab,,Total Rabi Pulses,2000-2001,18.30,16.70,913
Rajasthan,,Total Rabi Pulses,2000-2001,708.80,448.30,632
Sikkim,,Total Rabi Pulses,2000-2001,5.70,4.80,842
Tamil Nadu,,Total Rabi Pulses,2000-2001,390.20,172.80,443
Tripura,,Total Rabi Pulses,2000-2001,3.20,1.90,594
Uttar Pradesh,,Total Rabi Pulses,2000-2001,1934.20,1507.90,780
Uttarakhand,,Total Rabi Pulses,2000-2001,19.80,18.20,919
West Bengal,,Total Rabi Pulses,2000-2001,207.20,184.60,891
India,,Total Rabi Pulses,2000-2001,9674.70,6612.70,684
Andaman & Nicobar Islands,,Total Rabi Pulses,2001-2002,0.40,0.20,500
Andhra Pradesh,,Total Rabi Pulses,2001-2002,1026.00,783.00,763
Assam,,Total Rabi Pulses,2001-2002,110.80,60.70,548
Bihar,,Total Rabi Pulses,2001-2002,597.40,461.70,773
Chhattisgarh,,Total Rabi Pulses,2001-2002,629.70,368.80,586
Dadra & Nagar Haveli  ,,Total Rabi Pulses,2001-2002,4.50,3.50,778
Daman & Diu  ,,Total Rabi Pulses,2001-2002,1.30,1.10,846
Delhi,,Total Rabi Pulses,2001-2002,0.10,0.00,0
Goa,,Total Rabi Pulses,2001-2002,8.90,8.10,910
Gujarat,,Total Rabi Pulses,2001-2002,51.50,28.60,555
Haryana,,Total Rabi Pulses,2001-2002,153.10,131.00,856
Himachal Pradesh,,Total Rabi Pulses,2001-2002,5.90,2.80,475
Jammu & Kashmir,,Total Rabi Pulses,2001-2002,2.00,1.30,650
Jharkhand,,Total Rabi Pulses,2001-2002,16.40,10.50,640
Karnataka,,Total Rabi Pulses,2001-2002,716.60,358.70,501
Kerala,,Total Rabi Pulses,2001-2002,6.00,4.90,817
Madhya Pradesh,,Total Rabi Pulses,2001-2002,3297.90,2774.80,841
Maharashtra,,Total Rabi Pulses,2001-2002,881.00,513.00,582
Meghalaya,,Total Rabi Pulses,2001-2002,2.60,1.90,731
Mizoram,,Total Rabi Pulses,2001-2002,0.90,1.80,2000
Nagaland,,Total Rabi Pulses,2001-2002,1.00,1.00,1000
Odisha,,Total Rabi Pulses,2001-2002,197.10,92.50,469
Puducherry,,Total Rabi Pulses,2001-2002,1.30,0.70,538
Punjab,,Total Rabi Pulses,2001-2002,16.70,15.00,898
Rajasthan,,Total Rabi Pulses,2001-2002,1004.70,780.20,777
Sikkim,,Total Rabi Pulses,2001-2002,6.10,5.20,852
Tamil Nadu,,Total Rabi Pulses,2001-2002,412.90,183.30,444
Tripura,,Total Rabi Pulses,2001-2002,3.90,2.40,615
Uttar Pradesh,,Total Rabi Pulses,2001-2002,1897.00,1765.00,930
Uttarakhand,,Total Rabi Pulses,2001-2002,20.10,12.90,642
West Bengal,,Total Rabi Pulses,2001-2002,193.20,138.10,715
India,,Total Rabi Pulses,2001-2002,11267.00,8512.70,756
Andaman & Nicobar Islands,,Total Rabi Pulses,2002-2003,1.30,0.60,462
Andhra Pradesh,,Total Rabi Pulses,2002-2003,1172.90,770.60,657
Assam,,Total Rabi Pulses,2002-2003,104.00,55.00,529
Bihar,,Total Rabi Pulses,2002-2003,604.50,479.50,793
Chhattisgarh,,Total Rabi Pulses,2002-2003,550.10,296.40,539
Dadra & Nagar Haveli  ,,Total Rabi Pulses,2002-2003,3.50,3.40,971
Daman & Diu  ,,Total Rabi Pulses,2002-2003,1.30,1.00,769
Delhi,,Total Rabi Pulses,2002-2003,0.10,0.00,0
Goa,,Total Rabi Pulses,2002-2003,9.20,7.30,793
Gujarat,,Total Rabi Pulses,2002-2003,61.70,31.10,504
Haryana,,Total Rabi Pulses,2002-2003,62.00,48.00,774
Himachal Pradesh,,Total Rabi Pulses,2002-2003,9.40,11.00,1170
Jammu & Kashmir,,Total Rabi Pulses,2002-2003,2.00,1.30,650
Jharkhand,,Total Rabi Pulses,2002-2003,16.20,9.80,605
Karnataka,,Total Rabi Pulses,2002-2003,749.70,317.70,424
Kerala,,Total Rabi Pulses,2002-2003,7.30,5.60,767
Madhya Pradesh,,Total Rabi Pulses,2002-2003,3190.40,2009.20,630
Maharashtra,,Total Rabi Pulses,2002-2003,910.60,496.20,545
Meghalaya,,Total Rabi Pulses,2002-2003,2.60,1.90,731
Mizoram,,Total Rabi Pulses,2002-2003,2.10,2.30,1095
Nagaland,,Total Rabi Pulses,2002-2003,1.00,1.00,1000
Odisha,,Total Rabi Pulses,2002-2003,133.40,55.40,415
Puducherry,,Total Rabi Pulses,2002-2003,1.90,0.60,316
Punjab,,Total Rabi Pulses,2002-2003,15.60,14.60,936
Rajasthan,,Total Rabi Pulses,2002-2003,467.70,371.30,794
Sikkim,,Total Rabi Pulses,2002-2003,6.70,6.30,940
Tamil Nadu,,Total Rabi Pulses,2002-2003,332.70,119.50,359
Tripura,,Total Rabi Pulses,2002-2003,4.10,2.50,610
Uttar Pradesh,,Total Rabi Pulses,2002-2003,1895.30,1693.60,894
Uttarakhand,,Total Rabi Pulses,2002-2003,19.60,12.10,617
West Bengal,,Total Rabi Pulses,2002-2003,188.20,132.20,702
India,,Total Rabi Pulses,2002-2003,10527.10,6957.00,661
Andaman & Nicobar Islands,,Total Rabi Pulses,2003-2004,0.70,0.40,571
Andhra Pradesh,,Total Rabi Pulses,2003-2004,1059.00,701.00,662
Assam,,Total Rabi Pulses,2003-2004,108.00,59.00,546
Bihar,,Total Rabi Pulses,2003-2004,592.80,474.60,801
Chhattisgarh,,Total Rabi Pulses,2003-2004,719.30,493.70,686
Dadra & Nagar Haveli  ,,Total Rabi Pulses,2003-2004,2.80,2.30,821
Daman & Diu  ,,Total Rabi Pulses,2003-2004,1.30,1.10,846
Delhi,,Total Rabi Pulses,2003-2004,0.10,0.20,2000
Goa,,Total Rabi Pulses,2003-2004,9.30,8.90,957
Gujarat,,Total Rabi Pulses,2003-2004,154.70,134.90,872
Haryana,,Total Rabi Pulses,2003-2004,130.30,106.20,815
Himachal Pradesh,,Total Rabi Pulses,2003-2004,5.00,3.00,600
Jammu & Kashmir,,Total Rabi Pulses,2003-2004,2.50,1.60,640
Jharkhand,,Total Rabi Pulses,2003-2004,56.00,36.00,643
Karnataka,,Total Rabi Pulses,2003-2004,718.80,221.40,308
Kerala,,Total Rabi Pulses,2003-2004,5.50,4.60,836
Madhya Pradesh,,Total Rabi Pulses,2003-2004,3532.30,2964.20,839
Maharashtra,,Total Rabi Pulses,2003-2004,925.00,473.00,511
Meghalaya,,Total Rabi Pulses,2003-2004,2.60,1.90,731
Mizoram,,Total Rabi Pulses,2003-2004,2.60,2.10,808
Nagaland,,Total Rabi Pulses,2003-2004,1.50,2.00,1333
Odisha,,Total Rabi Pulses,2003-2004,198.20,73.00,368
Puducherry,,Total Rabi Pulses,2003-2004,2.60,0.90,346
Punjab,,Total Rabi Pulses,2003-2004,13.50,12.00,889
Rajasthan,,Total Rabi Pulses,2003-2004,1163.40,767.10,659
Sikkim,,Total Rabi Pulses,2003-2004,6.70,6.40,955
Tamil Nadu,,Total Rabi Pulses,2003-2004,319.70,118.20,370
Tripura,,Total Rabi Pulses,2003-2004,3.70,2.30,622
Uttar Pradesh,,Total Rabi Pulses,2003-2004,1805.50,1865.60,1033
Uttarakhand,,Total Rabi Pulses,2003-2004,19.00,13.00,684
West Bengal,,Total Rabi Pulses,2003-2004,195.70,176.30,901
India,,Total Rabi Pulses,2003-2004,11758.10,8726.90,742
Andaman & Nicobar Islands,,Total Rabi Pulses,2004-2005,0.70,0.40,571
Andhra Pradesh,,Total Rabi Pulses,2004-2005,917.00,643.00,701
Assam,,Total Rabi Pulses,2004-2005,100.90,56.60,561
Bihar,,Total Rabi Pulses,2004-2005,569.70,385.70,677
Chhattisgarh,,Total Rabi Pulses,2004-2005,690.70,285.90,414
Dadra & Nagar Haveli  ,,Total Rabi Pulses,2004-2005,3.30,2.70,818
Daman & Diu  ,,Total Rabi Pulses,2004-2005,1.30,1.20,923
Delhi,,Total Rabi Pulses,2004-2005,0.00,0.10,-
Goa,,Total Rabi Pulses,2004-2005,9.90,9.10,919
Gujarat,,Total Rabi Pulses,2004-2005,126.40,100.00,791
Haryana,,Total Rabi Pulses,2004-2005,117.00,101.00,863
Himachal Pradesh,,Total Rabi Pulses,2004-2005,9.00,10.00,1111
Jammu & Kashmir,,Total Rabi Pulses,2004-2005,2.70,1.70,630
Jharkhand,,Total Rabi Pulses,2004-2005,57.00,42.00,737
Karnataka,,Total Rabi Pulses,2004-2005,600.00,280.00,467
Kerala,,Total Rabi Pulses,2004-2005,2.90,2.50,862
Madhya Pradesh,,Total Rabi Pulses,2004-2005,3513.40,2933.30,835
Maharashtra,,Total Rabi Pulses,2004-2005,920.00,491.00,534
Meghalaya,,Total Rabi Pulses,2004-2005,2.60,2.00,769
Mizoram,,Total Rabi Pulses,2004-2005,1.30,1.90,1462
Nagaland,,Total Rabi Pulses,2004-2005,1.00,1.00,1000
Odisha,,Total Rabi Pulses,2004-2005,165.90,71.70,432
Puducherry,,Total Rabi Pulses,2004-2005,3.70,1.10,297
Punjab,,Total Rabi Pulses,2004-2005,12.00,10.00,833
Rajasthan,,Total Rabi Pulses,2004-2005,1085.30,837.80,772
Sikkim,,Total Rabi Pulses,2004-2005,6.60,6.20,939
Tamil Nadu,,Total Rabi Pulses,2004-2005,400.30,162.60,406
Tripura,,Total Rabi Pulses,2004-2005,4.00,2.40,600
Uttar Pradesh,,Total Rabi Pulses,2004-2005,1907.80,1808.40,948
Uttarakhand,,Total Rabi Pulses,2004-2005,21.00,14.00,667
West Bengal,,Total Rabi Pulses,2004-2005,175.20,133.20,760
India,,Total Rabi Pulses,2004-2005,11428.60,8398.50,735
Andaman & Nicobar Islands,,Total Rabi Pulses,2005-2006,0.80,0.40,500
Andhra Pradesh,,Total Rabi Pulses,2005-2006,932.00,908.00,974
Assam,,Total Rabi Pulses,2005-2006,94.00,49.50,527
Bihar,,Total Rabi Pulses,2005-2006,517.40,368.80,713
Chhattisgarh,,Total Rabi Pulses,2005-2006,712.60,374.40,525
Dadra & Nagar Haveli  ,,Total Rabi Pulses,2005-2006,3.40,2.80,824
Daman & Diu  ,,Total Rabi Pulses,2005-2006,1.30,1.10,846
Delhi,,Total Rabi Pulses,2005-2006,0.20,0.20,1000
Goa,,Total Rabi Pulses,2005-2006,10.50,11.20,1067
Gujarat,,Total Rabi Pulses,2005-2006,194.00,160.00,825
Haryana,,Total Rabi Pulses,2005-2006,136.80,78.00,570
Himachal Pradesh,,Total Rabi Pulses,2005-2006,7.10,11.30,1592
Jammu & Kashmir,,Total Rabi Pulses,2005-2006,2.40,1.50,625
Jharkhand,,Total Rabi Pulses,2005-2006,73.20,53.40,730
Karnataka,,Total Rabi Pulses,2005-2006,609.00,298.00,489
Kerala,,Total Rabi Pulses,2005-2006,6.80,5.40,794
Madhya Pradesh,,Total Rabi Pulses,2005-2006,3408.40,2802.70,822
Maharashtra,,Total Rabi Pulses,2005-2006,1162.00,769.00,662
Meghalaya,,Total Rabi Pulses,2005-2006,2.70,2.00,741
Mizoram,,Total Rabi Pulses,2005-2006,1.90,3.10,1632
Nagaland,,Total Rabi Pulses,2005-2006,0.40,0.40,1000
Odisha,,Total Rabi Pulses,2005-2006,278.40,123.30,443
Puducherry,,Total Rabi Pulses,2005-2006,3.60,1.10,306
Punjab,,Total Rabi Pulses,2005-2006,9.60,8.00,833
Rajasthan,,Total Rabi Pulses,2005-2006,1127.30,542.00,481
Sikkim,,Total Rabi Pulses,2005-2006,6.40,5.70,891
Tamil Nadu,,Total Rabi Pulses,2005-2006,342.20,114.90,336
Tripura,,Total Rabi Pulses,2005-2006,3.70,2.30,622
Uttar Pradesh,,Total Rabi Pulses,2005-2006,1846.70,1634.70,885
Uttarakhand,,Total Rabi Pulses,2005-2006,27.00,15.00,556
West Bengal,,Total Rabi Pulses,2005-2006,170.00,141.10,830
India,,Total Rabi Pulses,2005-2006,11691.80,8489.30,726
Andaman & Nicobar Islands,,Total Rabi Pulses,2006-2007,0.60,0.30,500
Andhra Pradesh,,Total Rabi Pulses,2006-2007,1234.00,1076.00,872
Assam,,Total Rabi Pulses,2006-2007,99.00,54.00,545
Bihar,,Total Rabi Pulses,2006-2007,519.70,364.10,701
Chhattisgarh,,Total Rabi Pulses,2006-2007,678.20,416.30,614
Dadra & Nagar Haveli  ,,Total Rabi Pulses,2006-2007,3.40,2.80,824
Daman & Diu  ,,Total Rabi Pulses,2006-2007,1.30,1.10,846
Delhi,,Total Rabi Pulses,2006-2007,0.00,0.10,-
Goa,,Total Rabi Pulses,2006-2007,11.50,15.90,1383
Gujarat,,Total Rabi Pulses,2006-2007,328.00,249.00,759
Haryana,,Total Rabi Pulses,2006-2007,114.00,97.00,851
Himachal Pradesh,,Total Rabi Pulses,2006-2007,10.20,18.30,1794
Jammu & Kashmir,,Total Rabi Pulses,2006-2007,2.00,2.00,1000
Jharkhand,,Total Rabi Pulses,2006-2007,127.90,109.90,859
Karnataka,,Total Rabi Pulses,2006-2007,921.00,390.00,423
Kerala,,Total Rabi Pulses,2006-2007,6.80,5.40,794
Madhya Pradesh,,Total Rabi Pulses,2006-2007,3238.90,2795.60,863
Maharashtra,,Total Rabi Pulses,2006-2007,1454.00,990.00,681
Meghalaya,,Total Rabi Pulses,2006-2007,2.60,2.00,769
Mizoram,,Total Rabi Pulses,2006-2007,2.10,2.80,1333
Nagaland,,Total Rabi Pulses,2006-2007,0.40,0.50,1250
Odisha,,Total Rabi Pulses,2006-2007,283.00,121.60,430
Puducherry,,Total Rabi Pulses,2006-2007,3.60,1.10,306
Punjab,,Total Rabi Pulses,2006-2007,9.00,8.20,911
Rajasthan,,Total Rabi Pulses,2006-2007,1059.90,932.70,880
Sikkim,,Total Rabi Pulses,2006-2007,6.40,5.70,891
Tamil Nadu,,Total Rabi Pulses,2006-2007,391.20,196.70,503
Tripura,,Total Rabi Pulses,2006-2007,3.20,2.20,688
Uttar Pradesh,,Total Rabi Pulses,2006-2007,1802.00,1388.00,770
Uttarakhand,,Total Rabi Pulses,2006-2007,19.00,10.00,526
West Bengal,,Total Rabi Pulses,2006-2007,161.70,117.00,724
India,,Total Rabi Pulses,2006-2007,12494.60,9376.30,750
Andaman & Nicobar Islands,,Total Rabi Pulses,2007-2008,2.10,1.20,571
Andhra Pradesh,,Total Rabi Pulses,2007-2008,1250.00,1197.00,958
Assam,,Total Rabi Pulses,2007-2008,107.00,59.00,551
Bihar,,Total Rabi Pulses,2007-2008,523.60,423.40,809
Chhattisgarh,,Total Rabi Pulses,2007-2008,692.60,456.40,659
Dadra & Nagar Haveli  ,,Total Rabi Pulses,2007-2008,3.40,2.80,824
Daman & Diu  ,,Total Rabi Pulses,2007-2008,1.30,1.10,846
Delhi,,Total Rabi Pulses,2007-2008,0.00,0.10,-
Goa,,Total Rabi Pulses,2007-2008,10.90,11.00,1009
Gujarat,,Total Rabi Pulses,2007-2008,225.00,218.00,969
Haryana,,Total Rabi Pulses,2007-2008,113.00,58.80,520
Himachal Pradesh,,Total Rabi Pulses,2007-2008,12.00,23.90,1992
Jammu & Kashmir,,Total Rabi Pulses,2007-2008,2.80,2.00,714
Jharkhand,,Total Rabi Pulses,2007-2008,133.00,112.70,847
Karnataka,,Total Rabi Pulses,2007-2008,785.00,449.00,572
Kerala,,Total Rabi Pulses,2007-2008,6.80,5.40,794
Madhya Pradesh,,Total Rabi Pulses,2007-2008,3129.30,2036.70,651
Maharashtra,,Total Rabi Pulses,2007-2008,1479.00,1179.00,797
Manipur,,Total Rabi Pulses,2007-2008,5.10,2.60,510
Meghalaya,,Total Rabi Pulses,2007-2008,2.70,2.40,889
Mizoram,,Total Rabi Pulses,2007-2008,1.00,1.40,1400
Nagaland,,Total Rabi Pulses,2007-2008,0.40,0.60,1500
Odisha,,Total Rabi Pulses,2007-2008,316.20,133.90,423
Puducherry,,Total Rabi Pulses,2007-2008,4.20,0.40,95
Punjab,,Total Rabi Pulses,2007-2008,7.40,7.60,1027
Rajasthan,,Total Rabi Pulses,2007-2008,1265.50,602.40,476
Sikkim,,Total Rabi Pulses,2007-2008,6.40,5.70,891
Tamil Nadu,,Total Rabi Pulses,2007-2008,461.20,120.40,261
Tripura,,Total Rabi Pulses,2007-2008,3.00,2.20,733
Uttar Pradesh,,Total Rabi Pulses,2007-2008,1415.00,1093.00,772
Uttarakhand,,Total Rabi Pulses,2007-2008,22.00,15.00,682
West Bengal,,Total Rabi Pulses,2007-2008,138.00,111.10,805
India,,Total Rabi Pulses,2007-2008,12124.90,8336.20,688
Andaman & Nicobar Islands,,Total Rabi Pulses,2008-2009,2.10,1.20,571
Andhra Pradesh,,Total Rabi Pulses,2008-2009,1038.00,1108.00,1067
Assam,,Total Rabi Pulses,2008-2009,108.30,60.70,560
Bihar,,Total Rabi Pulses,2008-2009,512.90,399.90,780
Chhattisgarh,,Total Rabi Pulses,2008-2009,638.40,417.30,654
Dadra & Nagar Haveli  ,,Total Rabi Pulses,2008-2009,3.30,2.70,818
Daman & Diu  ,,Total Rabi Pulses,2008-2009,1.30,1.10,846
Delhi,,Total Rabi Pulses,2008-2009,0.00,0.10,-
Goa,,Total Rabi Pulses,2008-2009,9.50,9.90,1042
Gujarat,,Total Rabi Pulses,2008-2009,187.00,185.00,989
Haryana,,Total Rabi Pulses,2008-2009,127.90,132.00,1032
Himachal Pradesh,,Total Rabi Pulses,2008-2009,9.80,12.00,1224
Jammu & Kashmir,,Total Rabi Pulses,2008-2009,3.30,2.30,697
Jharkhand,,Total Rabi Pulses,2008-2009,150.60,143.30,952
Karnataka,,Total Rabi Pulses,2008-2009,897.00,462.00,515
Kerala,,Total Rabi Pulses,2008-2009,5.80,4.70,810
Madhya Pradesh,,Total Rabi Pulses,2008-2009,3656.90,3205.20,876
Maharashtra,,Total Rabi Pulses,2008-2009,1234.00,817.00,662
Manipur,,Total Rabi Pulses,2008-2009,5.10,2.60,510
Meghalaya,,Total Rabi Pulses,2008-2009,2.70,2.60,963
Mizoram,,Total Rabi Pulses,2008-2009,1.40,1.80,1286
Nagaland,,Total Rabi Pulses,2008-2009,0.30,0.20,667
Odisha,,Total Rabi Pulses,2008-2009,297.90,143.00,480
Puducherry,,Total Rabi Pulses,2008-2009,2.50,0.50,200
Punjab,,Total Rabi Pulses,2008-2009,6.00,6.50,1083
Rajasthan,,Total Rabi Pulses,2008-2009,1288.30,1009.00,783
Sikkim,,Total Rabi Pulses,2008-2009,6.50,5.90,908
Tamil Nadu,,Total Rabi Pulses,2008-2009,395.80,109.60,277
Tripura,,Total Rabi Pulses,2008-2009,2.80,2.30,821
Uttar Pradesh,,Total Rabi Pulses,2008-2009,1514.00,1504.00,993
Uttarakhand,,Total Rabi Pulses,2008-2009,24.00,9.00,375
West Bengal,,Total Rabi Pulses,2008-2009,130.30,92.10,707
India,,Total Rabi Pulses,2008-2009,12263.70,9853.50,803
Andaman & Nicobar Islands,,Total Rabi Pulses,2009-2010,2.64,1.60,606
Andhra Pradesh,,Total Rabi Pulses,2009-2010,1152.00,1176.00,1021
Assam,,Total Rabi Pulses,2009-2010,109.07,60.24,552
Bihar,,Total Rabi Pulses,2009-2010,495.87,394.88,796
Chhattisgarh,,Total Rabi Pulses,2009-2010,581.50,411.90,708
Dadra & Nagar Haveli  ,,Total Rabi Pulses,2009-2010,3.39,2.88,850
Daman & Diu  ,,Total Rabi Pulses,2009-2010,1.30,1.10,846
Delhi,,Total Rabi Pulses,2009-2010,0.00,0.07,-
Goa,,Total Rabi Pulses,2009-2010,7.50,8.20,1093
Gujarat,,Total Rabi Pulses,2009-2010,153.00,140.00,915
Haryana,,Total Rabi Pulses,2009-2010,90.00,67.00,744
Himachal Pradesh,,Total Rabi Pulses,2009-2010,9.76,12.94,1326
Jammu & Kashmir,,Total Rabi Pulses,2009-2010,2.44,1.76,720
Jharkhand,,Total Rabi Pulses,2009-2010,128.67,104.88,815
Karnataka,,Total Rabi Pulses,2009-2010,1138.00,646.00,568
Kerala,,Total Rabi Pulses,2009-2010,5.80,4.70,810
Madhya Pradesh,,Total Rabi Pulses,2009-2010,3970.30,3770.70,950
Maharashtra,,Total Rabi Pulses,2009-2010,1391.00,1160.00,834
Manipur,,Total Rabi Pulses,2009-2010,5.10,2.60,510
Meghalaya,,Total Rabi Pulses,2009-2010,2.76,2.65,959
Mizoram,,Total Rabi Pulses,2009-2010,1.50,3.20,2133
Nagaland,,Total Rabi Pulses,2009-2010,0.60,0.40,667
Odisha,,Total Rabi Pulses,2009-2010,316.82,150.05,474
Puducherry,,Total Rabi Pulses,2009-2010,2.03,0.30,149
Punjab,,Total Rabi Pulses,2009-2010,5.70,5.90,1035
Rajasthan,,Total Rabi Pulses,2009-2010,920.01,569.03,619
Sikkim,,Total Rabi Pulses,2009-2010,6.50,5.90,908
Tamil Nadu,,Total Rabi Pulses,2009-2010,400.34,148.57,371
Tripura,,Total Rabi Pulses,2009-2010,3.06,2.27,742
Uttar Pradesh,,Total Rabi Pulses,2009-2010,1610.41,1443.34,896
Uttarakhand,,Total Rabi Pulses,2009-2010,26.00,16.00,615
West Bengal,,Total Rabi Pulses,2009-2010,134.62,116.75,867
India,,Total Rabi Pulses,2009-2010,12699.99,10457.59,823
Andaman & Nicobar Islands,,Total Rabi Pulses,2010-2011,2.61,1.15,442
Andhra Pradesh,,Total Rabi Pulses,2010-2011,1135.00,1001.00,882
Assam,,Total Rabi Pulses,2010-2011,119.28,65.00,545
Bihar,,Total Rabi Pulses,2010-2011,549.20,469.97,856
Chhattisgarh,,Total Rabi Pulses,2010-2011,642.41,466.29,726
Dadra & Nagar Haveli  ,,Total Rabi Pulses,2010-2011,3.32,3.32,1000
Daman & Diu  ,,Total Rabi Pulses,2010-2011,1.30,1.10,846
Delhi,,Total Rabi Pulses,2010-2011,0.08,0.07,882
Goa,,Total Rabi Pulses,2010-2011,7.37,7.84,1063
Gujarat,,Total Rabi Pulses,2010-2011,278.00,262.00,942
Haryana,,Total Rabi Pulses,2010-2011,117.40,114.50,975
Himachal Pradesh,,Total Rabi Pulses,2010-2011,14.07,28.73,2043
Jammu & Kashmir,,Total Rabi Pulses,2010-2011,2.83,2.16,765
Jharkhand,,Total Rabi Pulses,2010-2011,127.00,124.92,984
Karnataka,,Total Rabi Pulses,2010-2011,1153.00,732.00,635
Kerala,,Total Rabi Pulses,2010-2011,1.19,0.00,0
Madhya Pradesh,,Total Rabi Pulses,2010-2011,3989.80,2958.39,741
Maharashtra,,Total Rabi Pulses,2010-2011,1571.00,1362.00,867
Manipur,,Total Rabi Pulses,2010-2011,22.25,19.00,854
Meghalaya,,Total Rabi Pulses,2010-2011,2.85,2.62,921
Mizoram,,Total Rabi Pulses,2010-2011,1.53,2.98,1948
Nagaland,,Total Rabi Pulses,2010-2011,0.70,0.50,714
Odisha,,Total Rabi Pulses,2010-2011,366.39,175.20,478
Puducherry,,Total Rabi Pulses,2010-2011,2.62,1.30,496
Punjab,,Total Rabi Pulses,2010-2011,6.40,7.50,1172
Rajasthan,,Total Rabi Pulses,2010-2011,1838.67,1656.11,901
Sikkim,,Total Rabi Pulses,2010-2011,6.50,5.90,908
Tamil Nadu,,Total Rabi Pulses,2010-2011,461.86,163.65,354
Tripura,,Total Rabi Pulses,2010-2011,3.30,2.44,740
Uttar Pradesh,,Total Rabi Pulses,2010-2011,1460.00,1294.00,886
Uttarakhand,,Total Rabi Pulses,2010-2011,23.46,20.57,877
West Bengal,,Total Rabi Pulses,2010-2011,147.95,144.29,975
India,,Total Rabi Pulses,2010-2011,14082.05,11120.84,790
Andaman & Nicobar Islands,,Total Rabi Pulses,2011-2012,1.60,0.92,575
Andhra Pradesh,,Total Rabi Pulses,2011-2012,1220.00,956.00,784
Assam,,Total Rabi Pulses,2011-2012,114.00,64.48,566
Bihar,,Total Rabi Pulses,2011-2012,468.24,450.01,961
Chhattisgarh,,Total Rabi Pulses,2011-2012,594.36,426.93,718
Dadra & Nagar Haveli  ,,Total Rabi Pulses,2011-2012,2.74,2.78,1015
Delhi,,Total Rabi Pulses,2011-2012,0.01,0.07,7000
Goa,,Total Rabi Pulses,2011-2012,9.70,8.14,839
Gujarat,,Total Rabi Pulses,2011-2012,337.00,328.00,973
Haryana,,Total Rabi Pulses,2011-2012,141.00,98.00,695
Himachal Pradesh,,Total Rabi Pulses,2011-2012,11.17,18.52,1658
Jammu & Kashmir,,Total Rabi Pulses,2011-2012,2.28,1.89,830
Jharkhand,,Total Rabi Pulses,2011-2012,225.53,226.31,1003
Karnataka,,Total Rabi Pulses,2011-2012,966.00,548.15,567
Kerala,,Total Rabi Pulses,2011-2012,1.60,0.00,0
Madhya Pradesh,,Total Rabi Pulses,2011-2012,3990.10,3651.40,915
Maharashtra,,Total Rabi Pulses,2011-2012,1155.00,858.00,743
Manipur,,Total Rabi Pulses,2011-2012,23.65,21.65,915
Meghalaya,,Total Rabi Pulses,2011-2012,2.76,2.72,986
Mizoram,,Total Rabi Pulses,2011-2012,1.70,3.09,1818
Nagaland,,Total Rabi Pulses,2011-2012,0.75,0.54,720
Odisha,,Total Rabi Pulses,2011-2012,310.90,147.46,474
Puducherry,,Total Rabi Pulses,2011-2012,2.40,1.00,417
Punjab,,Total Rabi Pulses,2011-2012,6.00,6.00,1000
Rajasthan,,Total Rabi Pulses,2011-2012,1486.56,1118.84,753
Tamil Nadu,,Total Rabi Pulses,2011-2012,462.78,233.81,505
Tripura,,Total Rabi Pulses,2011-2012,3.41,2.58,757
Uttar Pradesh,,Total Rabi Pulses,2011-2012,1556.00,1714.00,1102
Uttarakhand,,Total Rabi Pulses,2011-2012,16.00,14.00,875
West Bengal,,Total Rabi Pulses,2011-2012,137.77,102.08,741
India,,Total Rabi Pulses,2011-2012,13271.91,11031.07,831
Andaman & Nicobar Islands,,Total Rabi Pulses,2012-2013,1.26,0.64,508
Andhra Pradesh,,Total Rabi Pulses,2012-2013,1248.00,1207.00,967
Assam,,Total Rabi Pulses,2012-2013,135.28,79.48,588
Bihar,,Total Rabi Pulses,2012-2013,459.78,466.14,1014
Chhattisgarh,,Total Rabi Pulses,2012-2013,726.53,569.52,784
Dadra & Nagar Haveli  ,,Total Rabi Pulses,2012-2013,2.80,2.80,1000
Delhi,,Total Rabi Pulses,2012-2013,0.00,0.10,-
Goa,,Total Rabi Pulses,2012-2013,9.72,8.78,903
Gujarat,,Total Rabi Pulses,2012-2013,214.00,194.22,908
Haryana,,Total Rabi Pulses,2012-2013,126.40,104.20,824
Himachal Pradesh,,Total Rabi Pulses,2012-2013,11.92,30.80,2584
Jammu & Kashmir,,Total Rabi Pulses,2012-2013,2.11,1.80,855
Jharkhand,,Total Rabi Pulses,2012-2013,227.75,277.69,1219
Karnataka,,Total Rabi Pulses,2012-2013,1143.00,688.00,602
Kerala,,Total Rabi Pulses,2012-2013,1.80,1.35,750
Madhya Pradesh,,Total Rabi Pulses,2012-2013,4037.04,4382.92,1086
Maharashtra,,Total Rabi Pulses,2012-2013,1238.00,898.00,725
Manipur,,Total Rabi Pulses,2012-2013,25.80,23.74,920
Meghalaya,,Total Rabi Pulses,2012-2013,2.82,2.77,982
Mizoram,,Total Rabi Pulses,2012-2013,1.06,1.34,1264
Nagaland,,Total Rabi Pulses,2012-2013,0.76,0.64,842
Odisha,,Total Rabi Pulses,2012-2013,328.93,161.48,491
Puducherry,,Total Rabi Pulses,2012-2013,1.58,0.78,494
Punjab,,Total Rabi Pulses,2012-2013,54.00,44.70,828
Rajasthan,,Total Rabi Pulses,2012-2013,1289.95,1320.08,1023
Tamil Nadu,,Total Rabi Pulses,2012-2013,328.12,119.63,365
Tripura,,Total Rabi Pulses,2012-2013,3.80,2.85,748
Uttar Pradesh,,Total Rabi Pulses,2012-2013,1492.00,1640.00,1099
Uttarakhand,,Total Rabi Pulses,2012-2013,17.25,14.39,834
West Bengal,,Total Rabi Pulses,2012-2013,146.97,153.85,1047
India,,Total Rabi Pulses,2012-2013,13302.92,12426.81,934
Andaman & Nicobar Islands,,Total Rabi Pulses,2013-2014,0.58,0.28,483
Andhra Pradesh,,Total Rabi Pulses,2013-2014,876.59,876.56,1000
Arunachal Pradesh,,Total Rabi Pulses,2013-2014,5.18,6.35,1226
Assam,,Total Rabi Pulses,2013-2014,143.93,98.67,686
Bihar,,Total Rabi Pulses,2013-2014,443.16,454.61,1026
Chhattisgarh,,Total Rabi Pulses,2013-2014,640.10,404.98,633
Dadra & Nagar Haveli  ,,Total Rabi Pulses,2013-2014,2.80,2.80,1000
Delhi,,Total Rabi Pulses,2013-2014,0.04,0.06,1500
Goa,,Total Rabi Pulses,2013-2014,7.93,8.79,1108
Gujarat,,Total Rabi Pulses,2013-2014,337.00,374.00,1110
Haryana,,Total Rabi Pulses,2013-2014,134.40,109.90,818
Himachal Pradesh,,Total Rabi Pulses,2013-2014,12.93,41.83,3235
Jammu & Kashmir,,Total Rabi Pulses,2013-2014,2.66,2.36,887
Jharkhand,,Total Rabi Pulses,2013-2014,234.98,259.90,1106
Karnataka,,Total Rabi Pulses,2013-2014,1080.00,792.00,733
Kerala,,Total Rabi Pulses,2013-2014,1.58,1.94,1225
Madhya Pradesh,,Total Rabi Pulses,2013-2014,4240.80,4045.72,954
Maharashtra,,Total Rabi Pulses,2013-2014,1942.00,1677.00,864
Manipur,,Total Rabi Pulses,2013-2014,25.50,23.45,920
Meghalaya,,Total Rabi Pulses,2013-2014,1.80,1.78,989
Mizoram,,Total Rabi Pulses,2013-2014,1.42,2.22,1563
Nagaland,,Total Rabi Pulses,2013-2014,20.63,22.66,1098
Odisha,,Total Rabi Pulses,2013-2014,322.79,174.47,541
Puducherry,,Total Rabi Pulses,2013-2014,1.20,0.51,425
Punjab,,Total Rabi Pulses,2013-2014,35.70,32.20,902
Rajasthan,,Total Rabi Pulses,2013-2014,1977.17,1697.86,859
Tamil Nadu,,Total Rabi Pulses,2013-2014,564.66,448.27,794
Telangana,,Total Rabi Pulses,2013-2014,153.41,300.44,1958
Tripura,,Total Rabi Pulses,2013-2014,4.58,3.57,779
Uttar Pradesh,,Total Rabi Pulses,2013-2014,1469.00,1192.45,812
Uttarakhand,,Total Rabi Pulses,2013-2014,17.45,15.88,910
West Bengal,,Total Rabi Pulses,2013-2014,182.70,186.41,1020
India,,Total Rabi Pulses,2013-2014,14884.67,13259.92,891
Andaman & Nicobar Islands,,Total Rabi Pulses,2014-2015,1.56,0.84,538
Andhra Pradesh,,Total Rabi Pulses,2014-2015,843.08,833.00,988
Arunachal Pradesh,,Total Rabi Pulses,2014-2015,6.37,8.48,1331
Assam,,Total Rabi Pulses,2014-2015,142.21,105.23,740
Bihar,,Total Rabi Pulses,2014-2015,517.33,431.62,834
Chhattisgarh,,Total Rabi Pulses,2014-2015,693.44,655.31,945
Dadra & Nagar Haveli  ,,Total Rabi Pulses,2014-2015,2.81,2.81,1000
Goa,,Total Rabi Pulses,2014-2015,8.33,7.87,945
Gujarat,,Total Rabi Pulses,2014-2015,217.04,232.45,1071
Haryana,,Total Rabi Pulses,2014-2015,68.40,45.40,664
Himachal Pradesh,,Total Rabi Pulses,2014-2015,12.50,28.04,2243
Jammu & Kashmir,,Total Rabi Pulses,2014-2015,3.07,2.44,795
Jharkhand,,Total Rabi Pulses,2014-2015,249.05,276.99,1112
Karnataka,,Total Rabi Pulses,2014-2015,1093.00,750.00,686
Kerala,,Total Rabi Pulses,2014-2015,0.86,0.79,919
Madhya Pradesh,,Total Rabi Pulses,2014-2015,3948.22,3809.26,965
Maharashtra,,Total Rabi Pulses,2014-2015,1530.00,1122.00,733
Manipur,,Total Rabi Pulses,2014-2015,25.34,23.38,923
Meghalaya,,Total Rabi Pulses,2014-2015,6.90,9.84,1426
Mizoram,,Total Rabi Pulses,2014-2015,1.76,2.45,1392
Nagaland,,Total Rabi Pulses,2014-2015,20.01,22.45,1122
Odisha,,Total Rabi Pulses,2014-2015,366.02,190.74,521
Puducherry,,Total Rabi Pulses,2014-2015,0.26,0.19,731
Punjab,,Total Rabi Pulses,2014-2015,40.70,34.90,857
Rajasthan,,Total Rabi Pulses,2014-2015,1323.54,988.82,747
Tamil Nadu,,Total Rabi Pulses,2014-2015,617.50,545.26,883
Telangana,,Total Rabi Pulses,2014-2015,96.04,105.00,1093
Tripura,,Total Rabi Pulses,2014-2015,6.33,4.92,777
Uttar Pradesh,,Total Rabi Pulses,2014-2015,1507.00,974.70,647
Uttarakhand,,Total Rabi Pulses,2014-2015,20.97,16.90,806
West Bengal,,Total Rabi Pulses,2014-2015,185.29,189.64,1023
India,,Total Rabi Pulses,2014-2015,13554.93,11421.72,843
Andaman & Nicobar Islands,,Total Rabi Pulses,2015-2016,1.42,0.92,650
Andhra Pradesh,,Total Rabi Pulses,2015-2016,1083.00,1026.00,947
Arunachal Pradesh,,Total Rabi Pulses,2015-2016,7.10,7.61,1072
Assam,,Total Rabi Pulses,2015-2016,135.76,101.98,751
Bihar,,Total Rabi Pulses,2015-2016,439.51,354.67,807
Chhattisgarh,,Total Rabi Pulses,2015-2016,628.10,434.10,691
Dadra & Nagar Haveli  ,,Total Rabi Pulses,2015-2016,0.02,0.16,10500
Delhi,,Total Rabi Pulses,2015-2016,0.04,0.05,1317
Goa,,Total Rabi Pulses,2015-2016,0.17,0.13,754
Gujarat,,Total Rabi Pulses,2015-2016,166.00,186.00,1120
Haryana,,Total Rabi Pulses,2015-2016,80.00,55.00,688
Himachal Pradesh,,Total Rabi Pulses,2015-2016,13.13,31.19,2375
Jammu & Kashmir,,Total Rabi Pulses,2015-2016,2.29,1.69,738
Jharkhand,,Total Rabi Pulses,2015-2016,251.75,241.97,961
Karnataka,,Total Rabi Pulses,2015-2016,1579.00,737.59,467
Kerala,,Total Rabi Pulses,2015-2016,2.33,2.42,1036
Madhya Pradesh,,Total Rabi Pulses,2015-2016,4156.00,4078.68,981
Maharashtra,,Total Rabi Pulses,2015-2016,1537.00,822.00,535
Manipur,,Total Rabi Pulses,2015-2016,27.90,26.41,947
Meghalaya,,Total Rabi Pulses,2015-2016,6.97,10.22,1466
Mizoram,,Total Rabi Pulses,2015-2016,1.38,2.15,1561
Nagaland,,Total Rabi Pulses,2015-2016,20.20,22.72,1125
Odisha,,Total Rabi Pulses,2015-2016,354.41,162.51,459
Puducherry,,Total Rabi Pulses,2015-2016,2.79,0.46,165
Punjab,,Total Rabi Pulses,2015-2016,34.10,35.50,1041
Rajasthan,,Total Rabi Pulses,2015-2016,1035.94,943.30,911
Tamil Nadu,,Total Rabi Pulses,2015-2016,633.68,375.47,593
Telangana,,Total Rabi Pulses,2015-2016,99.00,76.58,774
Tripura,,Total Rabi Pulses,2015-2016,3.17,2.26,714
Uttar Pradesh,,Total Rabi Pulses,2015-2016,1001.00,755.00,754
Uttarakhand,,Total Rabi Pulses,2015-2016,17.62,14.66,832
West Bengal,,Total Rabi Pulses,2015-2016,276.99,283.83,1025
India,,Total Rabi Pulses,2015-2016,13597.76,10793.24,794
Andaman & Nicobar Islands,,Total Rabi Pulses,2016-2017,1.53,0.47,306
Andhra Pradesh,,Total Rabi Pulses,2016-2017,962.00,728.00,757
Arunachal Pradesh,,Total Rabi Pulses,2016-2017,6.70,7.39,1103
Assam,,Total Rabi Pulses,2016-2017,140.63,102.62,730
Bihar,,Total Rabi Pulses,2016-2017,437.88,399.19,912
Chhattisgarh,,Total Rabi Pulses,2016-2017,675.20,669.50,992
Dadra & Nagar Haveli  ,,Total Rabi Pulses,2016-2017,0.25,0.21,840
Delhi,,Total Rabi Pulses,2016-2017,0.03,0.05,2120
Goa,,Total Rabi Pulses,2016-2017,5.75,5.79,1009
Gujarat,,Total Rabi Pulses,2016-2017,213.00,214.00,1005
Haryana,,Total Rabi Pulses,2016-2017,41.40,48.50,1171
Himachal Pradesh,,Total Rabi Pulses,2016-2017,14.29,50.38,3527
Jammu & Kashmir,,Total Rabi Pulses,2016-2017,2.16,1.48,684
Jharkhand,,Total Rabi Pulses,2016-2017,340.99,376.08,1103
Karnataka,,Total Rabi Pulses,2016-2017,1111.70,602.04,542
Kerala,,Total Rabi Pulses,2016-2017,1.56,1.43,917
Madhya Pradesh,,Total Rabi Pulses,2016-2017,4547.20,4580.68,1007
Maharashtra,,Total Rabi Pulses,2016-2017,2053.40,1789.51,871
Manipur,,Total Rabi Pulses,2016-2017,28.05,26.82,956
Meghalaya,,Total Rabi Pulses,2016-2017,7.02,10.32,1470
Mizoram,,Total Rabi Pulses,2016-2017,1.33,2.09,1569
Nagaland,,Total Rabi Pulses,2016-2017,20.85,23.56,1130
Odisha,,Total Rabi Pulses,2016-2017,348.95,193.91,556
Puducherry,,Total Rabi Pulses,2016-2017,1.17,0.21,175
Punjab,,Total Rabi Pulses,2016-2017,24.60,23.00,935
Rajasthan,,Total Rabi Pulses,2016-2017,1645.18,1539.45,936
Tamil Nadu,,Total Rabi Pulses,2016-2017,560.45,277.82,496
Telangana,,Total Rabi Pulses,2016-2017,132.00,158.00,1197
Tripura,,Total Rabi Pulses,2016-2017,10.25,7.72,753
Uttar Pradesh,,Total Rabi Pulses,2016-2017,1532.00,1482.39,968
Uttarakhand,,Total Rabi Pulses,2016-2017,17.00,15.00,882
West Bengal,,Total Rabi Pulses,2016-2017,197.25,208.69,1058
India,,Total Rabi Pulses,2016-2017,15081.76,13546.29,898
Andaman & Nicobar Islands,,Total Rabi Pulses,2017-2018,0.55,0.18,321
Andhra Pradesh,,Total Rabi Pulses,2017-2018,1041.00,1036.91,996
Arunachal Pradesh,,Total Rabi Pulses,2017-2018,6.81,7.59,1115
Assam,,Total Rabi Pulses,2017-2018,149.10,111.09,745
Bihar,,Total Rabi Pulses,2017-2018,431.77,403.58,935
Chhattisgarh,,Total Rabi Pulses,2017-2018,584.51,463.64,793
Dadra & Nagar Haveli  ,,Total Rabi Pulses,2017-2018,0.01,0.01,1200
Delhi,,Total Rabi Pulses,2017-2018,0.01,0.01,2000
Goa,,Total Rabi Pulses,2017-2018,5.35,4.64,867
Gujarat,,Total Rabi Pulses,2017-2018,351.00,412.46,1175
Haryana,,Total Rabi Pulses,2017-2018,52.00,54.36,1045
Himachal Pradesh,,Total Rabi Pulses,2017-2018,13.23,45.71,3455
Jammu & Kashmir,,Total Rabi Pulses,2017-2018,2.20,1.58,717
Jharkhand,,Total Rabi Pulses,2017-2018,381.92,433.67,1136
Karnataka,,Total Rabi Pulses,2017-2018,1421.70,876.14,616
Kerala,,Total Rabi Pulses,2017-2018,1.79,1.72,965
Madhya Pradesh,,Total Rabi Pulses,2017-2018,4800.00,5829.77,1215
Maharashtra,,Total Rabi Pulses,2017-2018,2104.30,1885.98,896
Manipur,,Total Rabi Pulses,2017-2018,26.67,26.64,999
Meghalaya,,Total Rabi Pulses,2017-2018,7.10,10.39,1463
Mizoram,,Total Rabi Pulses,2017-2018,1.18,1.85,1569
Nagaland,,Total Rabi Pulses,2017-2018,20.89,24.05,1151
Odisha,,Total Rabi Pulses,2017-2018,331.62,181.36,547
Puducherry,,Total Rabi Pulses,2017-2018,0.92,0.72,780
Punjab,,Total Rabi Pulses,2017-2018,22.50,19.89,884
Rajasthan,,Total Rabi Pulses,2017-2018,1620.91,1764.04,1088
Tamil Nadu,,Total Rabi Pulses,2017-2018,602.23,371.36,617
Telangana,,Total Rabi Pulses,2017-2018,116.00,164.15,1415
Tripura,,Total Rabi Pulses,2017-2018,11.80,8.90,755
Uttar Pradesh,,Total Rabi Pulses,2017-2018,1370.00,1567.84,1144
Uttarakhand,,Total Rabi Pulses,2017-2018,16.00,12.74,796
West Bengal,,Total Rabi Pulses,2017-2018,383.38,387.50,1011
India,,Total Rabi Pulses,2017-2018,15879.86,16110.46,1015
Andaman & Nicobar Islands,,Total Rabi Pulses,2018-2019,0.10,0.02,210
Andhra Pradesh,,Total Rabi Pulses,2018-2019,963.00,657.98,683
Arunachal Pradesh,,Total Rabi Pulses,2018-2019,8.01,6.94,867
Assam,,Total Rabi Pulses,2018-2019,144.68,108.88,753
Bihar,,Total Rabi Pulses,2018-2019,432.98,398.56,921
Chhattisgarh,,Total Rabi Pulses,2018-2019,543.42,457.06,841
Dadra & Nagar Haveli  ,,Total Rabi Pulses,2018-2019,1.20,1.24,1030
Goa,,Total Rabi Pulses,2018-2019,6.03,6.18,1024
Gujarat,,Total Rabi Pulses,2018-2019,220.87,281.33,1274
Haryana,,Total Rabi Pulses,2018-2019,49.30,66.58,1351
Himachal Pradesh,,Total Rabi Pulses,2018-2019,12.50,42.21,3378
Jammu & Kashmir,,Total Rabi Pulses,2018-2019,2.22,1.70,767
Jharkhand,,Total Rabi Pulses,2018-2019,311.05,343.60,1105
Karnataka,,Total Rabi Pulses,2018-2019,1269.39,592.66,467
Kerala,,Total Rabi Pulses,2018-2019,2.09,1.74,830
Madhya Pradesh,,Total Rabi Pulses,2018-2019,3853.00,4692.82,1218
Maharashtra,,Total Rabi Pulses,2018-2019,1805.93,1448.62,802
Manipur,,Total Rabi Pulses,2018-2019,30.54,28.95,948
Meghalaya,,Total Rabi Pulses,2018-2019,8.39,11.84,1411
Mizoram,,Total Rabi Pulses,2018-2019,1.67,2.51,1501
Nagaland,,Total Rabi Pulses,2018-2019,21.82,24.85,1139
Odisha,,Total Rabi Pulses,2018-2019,316.80,159.66,504
Puducherry,,Total Rabi Pulses,2018-2019,1.01,0.44,433
Punjab,,Total Rabi Pulses,2018-2019,22.00,21.48,977
Rajasthan,,Total Rabi Pulses,2018-2019,1633.07,1892.35,1159
Tamil Nadu,,Total Rabi Pulses,2018-2019,659.81,386.02,585
Telangana,,Total Rabi Pulses,2018-2019,121.00,183.21,1514
Tripura,,Total Rabi Pulses,2018-2019,11.34,8.58,756
Uttarakhand,,Total Rabi Pulses,2018-2019,17.00,15.50,912
Uttar Pradesh,,Total Rabi Pulses,2018-2019,1468.00,1825.15,1243
West Bengal,,Total Rabi Pulses,2018-2019,388.08,315.85,814
India,,Total Rabi Pulses,2018-2019,14326.29,13984.50,976
Andaman & Nicobar Islands,,Total Rabi Pulses,2019-2020,0.52,0.30,578
Andhra Pradesh,,Total Rabi Pulses,2019-2020,889.00,986.63,1110
Arunachal Pradesh,,Total Rabi Pulses,2019-2020,6.89,8.01,1164
Assam,,Total Rabi Pulses,2019-2020,138.13,101.03,731
Bihar,,Total Rabi Pulses,2019-2020,416.39,286.52,688
Chhattisgarh,,Total Rabi Pulses,2019-2020,590.65,167.84,284
Dadra & Nagar Haveli  ,,Total Rabi Pulses,2019-2020,0.16,0.16,1000
Daman & Diu  ,,Total Rabi Pulses,2019-2020,0.34,0.34,1000
Goa,,Total Rabi Pulses,2019-2020,4.40,3.86,877
Gujarat,,Total Rabi Pulses,2019-2020,497.55,728.49,1464
Haryana,,Total Rabi Pulses,2019-2020,47.17,50.44,1069
Himachal Pradesh,,Total Rabi Pulses,2019-2020,12.53,42.36,3381
Jammu & Kashmir,,Total Rabi Pulses,2019-2020,1.50,1.09,729
Jharkhand,,Total Rabi Pulses,2019-2020,372.24,417.63,1122
Karnataka,,Total Rabi Pulses,2019-2020,975.50,748.40,767
Kerala,,Total Rabi Pulses,2019-2020,1.86,1.59,854
Madhya Pradesh,,Total Rabi Pulses,2019-2020,2700.20,3356.00,1243
Maharashtra,,Total Rabi Pulses,2019-2020,2181.02,2310.99,1060
Manipur,,Total Rabi Pulses,2019-2020,22.93,21.15,922
Meghalaya,,Total Rabi Pulses,2019-2020,7.14,10.48,1468
Mizoram,,Total Rabi Pulses,2019-2020,1.92,2.67,1391
Nagaland,,Total Rabi Pulses,2019-2020,21.92,24.98,1140
Odisha,,Total Rabi Pulses,2019-2020,320.99,146.06,455
Puducherry,,Total Rabi Pulses,2019-2020,0.97,0.31,321
Punjab,,Total Rabi Pulses,2019-2020,6.80,6.24,917
Rajasthan,,Total Rabi Pulses,2019-2020,2500.81,2722.74,1089
Tamil Nadu,,Total Rabi Pulses,2019-2020,633.65,436.36,689
Telangana,,Total Rabi Pulses,2019-2020,146.00,220.45,1510
Tripura,,Total Rabi Pulses,2019-2020,10.37,8.17,788
Uttarakhand,,Total Rabi Pulses,2019-2020,20.00,18.92,946
Uttar Pradesh,,Total Rabi Pulses,2019-2020,1517.00,1941.17,1280
West Bengal,,Total Rabi Pulses,2019-2020,405.32,332.99,822
India,,Total Rabi Pulses,2019-2020,14451.85,15104.37,1045
Andaman & Nicobar Islands,,Total Rabi Pulses,2020-2021,0.64,0.26,407
Andhra Pradesh,,Total Rabi Pulses,2020-2021,962.00,977.00,1016
Arunachal Pradesh,,Total Rabi Pulses,2020-2021,6.89,8.10,1175
Assam,,Total Rabi Pulses,2020-2021,136.27,103.53,760
Bihar,,Total Rabi Pulses,2020-2021,406.91,330.54,812
Chhattisgarh,,Total Rabi Pulses,2020-2021,486.02,376.51,775
Goa,,Total Rabi Pulses,2020-2021,3.84,3.75,976
Gujarat,,Total Rabi Pulses,2020-2021,948.61,1410.53,1487
Haryana,,Total Rabi Pulses,2020-2021,39.56,39.91,1009
Himachal Pradesh,,Total Rabi Pulses,2020-2021,15.30,38.55,2520
Jammu & Kashmir,,Total Rabi Pulses,2020-2021,1.40,1.03,733
Jharkhand,,Total Rabi Pulses,2020-2021,418.33,482.60,1154
Karnataka,,Total Rabi Pulses,2020-2021,888.01,549.13,618
Kerala,,Total Rabi Pulses,2020-2021,1.79,1.58,885
Madhya Pradesh,,Total Rabi Pulses,2020-2021,3306.00,4591.10,1389
Maharashtra,,Total Rabi Pulses,2020-2021,2374.21,2469.80,1040
Manipur,,Total Rabi Pulses,2020-2021,26.28,24.36,927
Meghalaya,,Total Rabi Pulses,2020-2021,7.15,10.49,1467
Mizoram,,Total Rabi Pulses,2020-2021,2.06,2.96,1437
Nagaland,,Total Rabi Pulses,2020-2021,21.98,25.19,1146
Odisha,,Total Rabi Pulses,2020-2021,376.88,157.52,418
Puducherry,,Total Rabi Pulses,2020-2021,1.05,0.40,378
Punjab,,Total Rabi Pulses,2020-2021,25.60,25.26,987
Rajasthan,,Total Rabi Pulses,2020-2021,2150.78,2323.34,1080
Tamil Nadu,,Total Rabi Pulses,2020-2021,605.65,302.28,499
Telangana,,Total Rabi Pulses,2020-2021,182.00,293.41,1612
Tripura,,Total Rabi Pulses,2020-2021,11.13,8.95,804
Uttarakhand,,Total Rabi Pulses,2020-2021,20.00,15.92,796
Uttar Pradesh,,Total Rabi Pulses,2020-2021,1537.00,1880.44,1223
West Bengal,,Total Rabi Pulses,2020-2021,389.64,390.47,1002
India,,Total Rabi Pulses,2020-2021,15352.98,16844.90,1097
Andaman & Nicobar Islands,,Total Rabi Pulses,2021-2022,0.64,0.26,407
Andhra Pradesh,,Total Rabi Pulses,2021-2022,920.00,945.40,1028
Arunachal Pradesh,,Total Rabi Pulses,2021-2022,6.94,8.17,1177
Assam,,Total Rabi Pulses,2021-2022,138.59,105.79,763
Bihar,,Total Rabi Pulses,2021-2022,400.32,348.71,871
Chhattisgarh,,Total Rabi Pulses,2021-2022,519.10,325.92,628
Goa,,Total Rabi Pulses,2021-2022,3.80,3.03,798
Gujarat,,Total Rabi Pulses,2021-2022,1242.45,2267.24,1825
Haryana,,Total Rabi Pulses,2021-2022,43.31,51.43,1188
Himachal Pradesh,,Total Rabi Pulses,2021-2022,11.88,28.64,2410
Jammu & Kashmir,,Total Rabi Pulses,2021-2022,1.56,1.17,750
Jharkhand,,Total Rabi Pulses,2021-2022,409.85,449.80,1097
Karnataka,,Total Rabi Pulses,2021-2022,885.00,591.11,668
Kerala,,Total Rabi Pulses,2021-2022,1.25,1.16,929
Madhya Pradesh,,Total Rabi Pulses,2021-2022,3496.10,4694.35,1343
Maharashtra,,Total Rabi Pulses,2021-2022,2865.07,3166.72,1105
Manipur,,Total Rabi Pulses,2021-2022,28.52,26.73,937
Meghalaya,,Total Rabi Pulses,2021-2022,7.18,10.57,1471
Mizoram,,Total Rabi Pulses,2021-2022,2.07,3.02,1463
Nagaland,,Total Rabi Pulses,2021-2022,11.88,13.80,1162
Odisha,,Total Rabi Pulses,2021-2022,392.32,203.83,520
Puducherry,,Total Rabi Pulses,2021-2022,1.08,0.51,474
Punjab,,Total Rabi Pulses,2021-2022,57.50,71.86,1250
Rajasthan,,Total Rabi Pulses,2021-2022,2333.75,2744.96,1176
Sikkim,,Total Rabi Pulses,2021-2022,2.43,2.42,998
Tamil Nadu,,Total Rabi Pulses,2021-2022,617.65,348.40,564
Telangana,,Total Rabi Pulses,2021-2022,224.00,296.91,1325
Tripura,,Total Rabi Pulses,2021-2022,9.39,7.57,806
Uttarakhand,,Total Rabi Pulses,2021-2022,16.00,13.67,854
Uttar Pradesh,,Total Rabi Pulses,2021-2022,1587.00,1995.37,1257
West Bengal,,Total Rabi Pulses,2021-2022,375.83,338.14,900
India,,Total Rabi Pulses,2021-2022,16612.46,19066.66,1148
